id	class	method	parent	flags	annotations	visibility	non-primitive-return	path
1	securibench.micro.inter.Inter2	doGet(javax.servlet.http.HttpServletRequest,javax.servlet.http.HttpServletResponse)	2	[false, false]		protected	false	/home/nima/Developer/taint-benchmarks/securibenchh20180525/src/main/java/securibench/micro/inter/Inter2.java
3	securibench.micro.inter.Inter2	id(java.lang.String,java.io.PrintWriter)	0	[false, false]		private	true	/home/nima/Developer/taint-benchmarks/securibenchh20180525/src/main/java/securibench/micro/inter/Inter2.java
4	securibench.micro.inter.Inter2	getDescription()	5	[]		public	true	/home/nima/Developer/taint-benchmarks/securibenchh20180525/src/main/java/securibench/micro/inter/Inter2.java
6	securibench.micro.inter.Inter2	getVulnerabilityCount()	7	[]		public	false	/home/nima/Developer/taint-benchmarks/securibenchh20180525/src/main/java/securibench/micro/inter/Inter2.java
8	securibench.micro.BasicTestCase	doTrace(javax.servlet.http.HttpServletRequest,javax.servlet.http.HttpServletResponse)	9	[false, false]		protected	false	/home/nima/Developer/taint-benchmarks/securibenchh20180525/src/main/java/securibench/micro/BasicTestCase.java
10	securibench.micro.BasicTestCase	doHead(javax.servlet.http.HttpServletRequest,javax.servlet.http.HttpServletResponse)	11	[false, false]		protected	false	/home/nima/Developer/taint-benchmarks/securibenchh20180525/src/main/java/securibench/micro/BasicTestCase.java
12	securibench.micro.BasicTestCase	doPost(javax.servlet.http.HttpServletRequest,javax.servlet.http.HttpServletResponse)	13	[false, false]		protected	false	/home/nima/Developer/taint-benchmarks/securibenchh20180525/src/main/java/securibench/micro/BasicTestCase.java
14	securibench.micro.BasicTestCase	doDelete(javax.servlet.http.HttpServletRequest,javax.servlet.http.HttpServletResponse)	15	[false, false]		protected	false	/home/nima/Developer/taint-benchmarks/securibenchh20180525/src/main/java/securibench/micro/BasicTestCase.java
16	securibench.micro.BasicTestCase	doPut(javax.servlet.http.HttpServletRequest,javax.servlet.http.HttpServletResponse)	17	[false, false]		protected	false	/home/nima/Developer/taint-benchmarks/securibenchh20180525/src/main/java/securibench/micro/BasicTestCase.java
5	securibench.micro.MicroTestCase	getDescription()	0	[]		public	true	/home/nima/Developer/taint-benchmarks/securibenchh20180525/src/main/java/securibench/micro/MicroTestCase.java
7	securibench.micro.MicroTestCase	getVulnerabilityCount()	0	[]		public	false	/home/nima/Developer/taint-benchmarks/securibenchh20180525/src/main/java/securibench/micro/MicroTestCase.java
18	securibench.micro.basic.Basic40	doGet(javax.servlet.http.HttpServletRequest,javax.servlet.http.HttpServletResponse)	2	[false, false]		protected	false	/home/nima/Developer/taint-benchmarks/securibenchh20180525/src/main/java/securibench/micro/basic/Basic40.java
19	securibench.micro.basic.Basic40	getDescription()	5	[]		public	true	/home/nima/Developer/taint-benchmarks/securibenchh20180525/src/main/java/securibench/micro/basic/Basic40.java
20	securibench.micro.basic.Basic40	getVulnerabilityCount()	7	[]		public	false	/home/nima/Developer/taint-benchmarks/securibenchh20180525/src/main/java/securibench/micro/basic/Basic40.java
21	securibench.micro.arrays.Arrays1	doGet(javax.servlet.http.HttpServletRequest,javax.servlet.http.HttpServletResponse)	2	[false, false]		protected	false	/home/nima/Developer/taint-benchmarks/securibenchh20180525/src/main/java/securibench/micro/arrays/Arrays1.java
22	securibench.micro.arrays.Arrays1	getDescription()	5	[]		public	true	/home/nima/Developer/taint-benchmarks/securibenchh20180525/src/main/java/securibench/micro/arrays/Arrays1.java
23	securibench.micro.arrays.Arrays1	getVulnerabilityCount()	7	[]		public	false	/home/nima/Developer/taint-benchmarks/securibenchh20180525/src/main/java/securibench/micro/arrays/Arrays1.java
24	securibench.micro.reflection.Refl4	doGet(javax.servlet.http.HttpServletRequest,javax.servlet.http.HttpServletResponse)	2	[false, false]		protected	false	/home/nima/Developer/taint-benchmarks/securibenchh20180525/src/main/java/securibench/micro/reflection/Refl4.java
25	securibench.micro.reflection.Refl4	getDescription()	5	[]		public	true	/home/nima/Developer/taint-benchmarks/securibenchh20180525/src/main/java/securibench/micro/reflection/Refl4.java
26	securibench.micro.reflection.Refl4	getVulnerabilityCount()	7	[]		public	false	/home/nima/Developer/taint-benchmarks/securibenchh20180525/src/main/java/securibench/micro/reflection/Refl4.java
27	securibench.micro.basic.Basic23	doGet(javax.servlet.http.HttpServletRequest,javax.servlet.http.HttpServletResponse)	2	[false, false]		protected	false	/home/nima/Developer/taint-benchmarks/securibenchh20180525/src/main/java/securibench/micro/basic/Basic23.java
28	securibench.micro.basic.Basic23	getDescription()	5	[]		public	true	/home/nima/Developer/taint-benchmarks/securibenchh20180525/src/main/java/securibench/micro/basic/Basic23.java
29	securibench.micro.basic.Basic23	getVulnerabilityCount()	7	[]		public	false	/home/nima/Developer/taint-benchmarks/securibenchh20180525/src/main/java/securibench/micro/basic/Basic23.java
30	securibench.micro.basic.Basic10	doGet(javax.servlet.http.HttpServletRequest,javax.servlet.http.HttpServletResponse)	2	[false, false]		protected	false	/home/nima/Developer/taint-benchmarks/securibenchh20180525/src/main/java/securibench/micro/basic/Basic10.java
31	securibench.micro.basic.Basic10	getDescription()	5	[]		public	true	/home/nima/Developer/taint-benchmarks/securibenchh20180525/src/main/java/securibench/micro/basic/Basic10.java
32	securibench.micro.basic.Basic10	getVulnerabilityCount()	7	[]		public	false	/home/nima/Developer/taint-benchmarks/securibenchh20180525/src/main/java/securibench/micro/basic/Basic10.java
33	securibench.micro.pred.Pred8	doGet(javax.servlet.http.HttpServletRequest,javax.servlet.http.HttpServletResponse)	2	[false, false]		protected	false	/home/nima/Developer/taint-benchmarks/securibenchh20180525/src/main/java/securibench/micro/pred/Pred8.java
34	securibench.micro.pred.Pred8	getDescription()	5	[]		public	true	/home/nima/Developer/taint-benchmarks/securibenchh20180525/src/main/java/securibench/micro/pred/Pred8.java
35	securibench.micro.pred.Pred8	getVulnerabilityCount()	7	[]		public	false	/home/nima/Developer/taint-benchmarks/securibenchh20180525/src/main/java/securibench/micro/pred/Pred8.java
36	securibench.micro.basic.Basic7	doGet(javax.servlet.http.HttpServletRequest,javax.servlet.http.HttpServletResponse)	2	[false, false]		protected	false	/home/nima/Developer/taint-benchmarks/securibenchh20180525/src/main/java/securibench/micro/basic/Basic7.java
37	securibench.micro.basic.Basic7	getDescription()	5	[]		public	true	/home/nima/Developer/taint-benchmarks/securibenchh20180525/src/main/java/securibench/micro/basic/Basic7.java
38	securibench.micro.basic.Basic7	getVulnerabilityCount()	7	[]		public	false	/home/nima/Developer/taint-benchmarks/securibenchh20180525/src/main/java/securibench/micro/basic/Basic7.java
39	securibench.micro.aliasing.Aliasing5	doGet(javax.servlet.http.HttpServletRequest,javax.servlet.http.HttpServletResponse)	2	[false, false]		protected	false	/home/nima/Developer/taint-benchmarks/securibenchh20180525/src/main/java/securibench/micro/aliasing/Aliasing5.java
40	securibench.micro.aliasing.Aliasing5	foo(java.lang.StringBuffer,java.lang.StringBuffer,javax.servlet.ServletResponse,javax.servlet.ServletRequest)	0	[false, false, false, false]		package	false	/home/nima/Developer/taint-benchmarks/securibenchh20180525/src/main/java/securibench/micro/aliasing/Aliasing5.java
41	securibench.micro.aliasing.Aliasing5	getDescription()	5	[]		public	true	/home/nima/Developer/taint-benchmarks/securibenchh20180525/src/main/java/securibench/micro/aliasing/Aliasing5.java
42	securibench.micro.aliasing.Aliasing5	getVulnerabilityCount()	7	[]		public	false	/home/nima/Developer/taint-benchmarks/securibenchh20180525/src/main/java/securibench/micro/aliasing/Aliasing5.java
43	securibench.micro.sanitizers.Sanitizers6	doGet(javax.servlet.http.HttpServletRequest,javax.servlet.http.HttpServletResponse)	2	[false, false]		protected	false	/home/nima/Developer/taint-benchmarks/securibenchh20180525/src/main/java/securibench/micro/sanitizers/Sanitizers6.java
44	securibench.micro.sanitizers.Sanitizers6	clean(java.lang.String)	0	[false]		private	true	/home/nima/Developer/taint-benchmarks/securibenchh20180525/src/main/java/securibench/micro/sanitizers/Sanitizers6.java
45	securibench.micro.sanitizers.Sanitizers6	getDescription()	5	[]		public	true	/home/nima/Developer/taint-benchmarks/securibenchh20180525/src/main/java/securibench/micro/sanitizers/Sanitizers6.java
46	securibench.micro.sanitizers.Sanitizers6	getVulnerabilityCount()	7	[]		public	false	/home/nima/Developer/taint-benchmarks/securibenchh20180525/src/main/java/securibench/micro/sanitizers/Sanitizers6.java
47	securibench.micro.sanitizers.Sanitizers6	main(java.lang.String[])	0	[false]		public	false	/home/nima/Developer/taint-benchmarks/securibenchh20180525/src/main/java/securibench/micro/sanitizers/Sanitizers6.java
48	securibench.micro.basic.Basic38	doGet(javax.servlet.http.HttpServletRequest,javax.servlet.http.HttpServletResponse)	2	[false, false]		protected	false	/home/nima/Developer/taint-benchmarks/securibenchh20180525/src/main/java/securibench/micro/basic/Basic38.java
49	securibench.micro.basic.Basic38	getDescription()	5	[]		public	true	/home/nima/Developer/taint-benchmarks/securibenchh20180525/src/main/java/securibench/micro/basic/Basic38.java
50	securibench.micro.basic.Basic38	getVulnerabilityCount()	7	[]		public	false	/home/nima/Developer/taint-benchmarks/securibenchh20180525/src/main/java/securibench/micro/basic/Basic38.java
51	securibench.micro.basic.Basic24	doGet(javax.servlet.http.HttpServletRequest,javax.servlet.http.HttpServletResponse)	2	[false, false]		protected	false	/home/nima/Developer/taint-benchmarks/securibenchh20180525/src/main/java/securibench/micro/basic/Basic24.java
52	securibench.micro.basic.Basic24	getDescription()	5	[]		public	true	/home/nima/Developer/taint-benchmarks/securibenchh20180525/src/main/java/securibench/micro/basic/Basic24.java
53	securibench.micro.basic.Basic24	getVulnerabilityCount()	7	[]		public	false	/home/nima/Developer/taint-benchmarks/securibenchh20180525/src/main/java/securibench/micro/basic/Basic24.java
54	securibench.micro.inter.Inter1	doGet(javax.servlet.http.HttpServletRequest,javax.servlet.http.HttpServletResponse)	2	[false, false]		protected	false	/home/nima/Developer/taint-benchmarks/securibenchh20180525/src/main/java/securibench/micro/inter/Inter1.java
55	securibench.micro.inter.Inter1	id(java.lang.String)	0	[false]		private	true	/home/nima/Developer/taint-benchmarks/securibenchh20180525/src/main/java/securibench/micro/inter/Inter1.java
56	securibench.micro.inter.Inter1	getDescription()	5	[]		public	true	/home/nima/Developer/taint-benchmarks/securibenchh20180525/src/main/java/securibench/micro/inter/Inter1.java
57	securibench.micro.inter.Inter1	getVulnerabilityCount()	7	[]		public	false	/home/nima/Developer/taint-benchmarks/securibenchh20180525/src/main/java/securibench/micro/inter/Inter1.java
58	securibench.micro.arrays.Arrays2	doGet(javax.servlet.http.HttpServletRequest,javax.servlet.http.HttpServletResponse)	2	[false, false]		protected	false	/home/nima/Developer/taint-benchmarks/securibenchh20180525/src/main/java/securibench/micro/arrays/Arrays2.java
59	securibench.micro.arrays.Arrays2	getDescription()	5	[]		public	true	/home/nima/Developer/taint-benchmarks/securibenchh20180525/src/main/java/securibench/micro/arrays/Arrays2.java
60	securibench.micro.arrays.Arrays2	getVulnerabilityCount()	7	[]		public	false	/home/nima/Developer/taint-benchmarks/securibenchh20180525/src/main/java/securibench/micro/arrays/Arrays2.java
61	securibench.micro.strong_updates.StrongUpdates5	doGet(javax.servlet.http.HttpServletRequest,javax.servlet.http.HttpServletResponse)	2	[false, false]		protected	false	/home/nima/Developer/taint-benchmarks/securibenchh20180525/src/main/java/securibench/micro/strong_updates/StrongUpdates5.java
62	securibench.micro.strong_updates.StrongUpdates5	getDescription()	5	[]		public	true	/home/nima/Developer/taint-benchmarks/securibenchh20180525/src/main/java/securibench/micro/strong_updates/StrongUpdates5.java
63	securibench.micro.strong_updates.StrongUpdates5	getVulnerabilityCount()	7	[]		public	false	/home/nima/Developer/taint-benchmarks/securibenchh20180525/src/main/java/securibench/micro/strong_updates/StrongUpdates5.java
64	securibench.micro.inter.Inter11	doGet(javax.servlet.http.HttpServletRequest,javax.servlet.http.HttpServletResponse)	2	[false, false]		protected	false	/home/nima/Developer/taint-benchmarks/securibenchh20180525/src/main/java/securibench/micro/inter/Inter11.java
65	securibench.micro.inter.Inter11	id(java.lang.String)	0	[false]		private	true	/home/nima/Developer/taint-benchmarks/securibenchh20180525/src/main/java/securibench/micro/inter/Inter11.java
66	securibench.micro.inter.Inter11	foo(java.lang.String)	0	[false]		private	true	/home/nima/Developer/taint-benchmarks/securibenchh20180525/src/main/java/securibench/micro/inter/Inter11.java
67	securibench.micro.inter.Inter11	getDescription()	5	[]		public	true	/home/nima/Developer/taint-benchmarks/securibenchh20180525/src/main/java/securibench/micro/inter/Inter11.java
68	securibench.micro.inter.Inter11	getVulnerabilityCount()	7	[]		public	false	/home/nima/Developer/taint-benchmarks/securibenchh20180525/src/main/java/securibench/micro/inter/Inter11.java
69	securibench.micro.basic.Basic42	doGet(javax.servlet.http.HttpServletRequest,javax.servlet.http.HttpServletResponse)	2	[false, false]		protected	false	/home/nima/Developer/taint-benchmarks/securibenchh20180525/src/main/java/securibench/micro/basic/Basic42.java
70	securibench.micro.basic.Basic42	getDescription()	5	[]		public	true	/home/nima/Developer/taint-benchmarks/securibenchh20180525/src/main/java/securibench/micro/basic/Basic42.java
71	securibench.micro.basic.Basic42	getVulnerabilityCount()	7	[]		public	false	/home/nima/Developer/taint-benchmarks/securibenchh20180525/src/main/java/securibench/micro/basic/Basic42.java
72	securibench.micro.basic.Basic9	doGet(javax.servlet.http.HttpServletRequest,javax.servlet.http.HttpServletResponse)	2	[false, false]		protected	false	/home/nima/Developer/taint-benchmarks/securibenchh20180525/src/main/java/securibench/micro/basic/Basic9.java
73	securibench.micro.basic.Basic9	getDescription()	5	[]		public	true	/home/nima/Developer/taint-benchmarks/securibenchh20180525/src/main/java/securibench/micro/basic/Basic9.java
74	securibench.micro.basic.Basic9	getVulnerabilityCount()	7	[]		public	false	/home/nima/Developer/taint-benchmarks/securibenchh20180525/src/main/java/securibench/micro/basic/Basic9.java
75	securibench.micro.basic.Basic6	doGet(javax.servlet.http.HttpServletRequest,javax.servlet.http.HttpServletResponse)	2	[false, false]		protected	false	/home/nima/Developer/taint-benchmarks/securibenchh20180525/src/main/java/securibench/micro/basic/Basic6.java
76	securibench.micro.basic.Basic6	getDescription()	5	[]		public	true	/home/nima/Developer/taint-benchmarks/securibenchh20180525/src/main/java/securibench/micro/basic/Basic6.java
77	securibench.micro.basic.Basic6	getVulnerabilityCount()	7	[]		public	false	/home/nima/Developer/taint-benchmarks/securibenchh20180525/src/main/java/securibench/micro/basic/Basic6.java
78	securibench.micro.sanitizers.Sanitizers5	doGet(javax.servlet.http.HttpServletRequest,javax.servlet.http.HttpServletResponse)	2	[false, false]		protected	false	/home/nima/Developer/taint-benchmarks/securibenchh20180525/src/main/java/securibench/micro/sanitizers/Sanitizers5.java
79	securibench.micro.sanitizers.Sanitizers5	getDescription()	5	[]		public	true	/home/nima/Developer/taint-benchmarks/securibenchh20180525/src/main/java/securibench/micro/sanitizers/Sanitizers5.java
80	securibench.micro.sanitizers.Sanitizers5	getVulnerabilityCount()	7	[]		public	false	/home/nima/Developer/taint-benchmarks/securibenchh20180525/src/main/java/securibench/micro/sanitizers/Sanitizers5.java
81	securibench.micro.basic.Basic37	doGet(javax.servlet.http.HttpServletRequest,javax.servlet.http.HttpServletResponse)	2	[false, false]		protected	false	/home/nima/Developer/taint-benchmarks/securibenchh20180525/src/main/java/securibench/micro/basic/Basic37.java
82	securibench.micro.basic.Basic37	getDescription()	5	[]		public	true	/home/nima/Developer/taint-benchmarks/securibenchh20180525/src/main/java/securibench/micro/basic/Basic37.java
83	securibench.micro.basic.Basic37	getVulnerabilityCount()	7	[]		public	false	/home/nima/Developer/taint-benchmarks/securibenchh20180525/src/main/java/securibench/micro/basic/Basic37.java
84	securibench.micro.pred.Pred9	doGet(javax.servlet.http.HttpServletRequest,javax.servlet.http.HttpServletResponse)	2	[false, false]		protected	false	/home/nima/Developer/taint-benchmarks/securibenchh20180525/src/main/java/securibench/micro/pred/Pred9.java
85	securibench.micro.pred.Pred9	getDescription()	5	[]		public	true	/home/nima/Developer/taint-benchmarks/securibenchh20180525/src/main/java/securibench/micro/pred/Pred9.java
86	securibench.micro.pred.Pred9	getVulnerabilityCount()	7	[]		public	false	/home/nima/Developer/taint-benchmarks/securibenchh20180525/src/main/java/securibench/micro/pred/Pred9.java
87	securibench.micro.arrays.Arrays3	doGet(javax.servlet.http.HttpServletRequest,javax.servlet.http.HttpServletResponse)	2	[false, false]		protected	false	/home/nima/Developer/taint-benchmarks/securibenchh20180525/src/main/java/securibench/micro/arrays/Arrays3.java
88	securibench.micro.arrays.Arrays3	getDescription()	5	[]		public	true	/home/nima/Developer/taint-benchmarks/securibenchh20180525/src/main/java/securibench/micro/arrays/Arrays3.java
89	securibench.micro.arrays.Arrays3	getVulnerabilityCount()	7	[]		public	false	/home/nima/Developer/taint-benchmarks/securibenchh20180525/src/main/java/securibench/micro/arrays/Arrays3.java
90	securibench.micro.collections.Collections2	doGet(javax.servlet.http.HttpServletRequest,javax.servlet.http.HttpServletResponse)	2	[false, false]		protected	false	/home/nima/Developer/taint-benchmarks/securibenchh20180525/src/main/java/securibench/micro/collections/Collections2.java
91	securibench.micro.collections.Collections2	getDescription()	5	[]		public	true	/home/nima/Developer/taint-benchmarks/securibenchh20180525/src/main/java/securibench/micro/collections/Collections2.java
92	securibench.micro.collections.Collections2	getVulnerabilityCount()	7	[]		public	false	/home/nima/Developer/taint-benchmarks/securibenchh20180525/src/main/java/securibench/micro/collections/Collections2.java
93	securibench.micro.pred.Pred6	doGet(javax.servlet.http.HttpServletRequest,javax.servlet.http.HttpServletResponse)	2	[false, false]		protected	false	/home/nima/Developer/taint-benchmarks/securibenchh20180525/src/main/java/securibench/micro/pred/Pred6.java
94	securibench.micro.pred.Pred6	getDescription()	5	[]		public	true	/home/nima/Developer/taint-benchmarks/securibenchh20180525/src/main/java/securibench/micro/pred/Pred6.java
95	securibench.micro.pred.Pred6	getVulnerabilityCount()	7	[]		public	false	/home/nima/Developer/taint-benchmarks/securibenchh20180525/src/main/java/securibench/micro/pred/Pred6.java
96	securibench.micro.aliasing.Aliasing6	doGet(javax.servlet.http.HttpServletRequest,javax.servlet.http.HttpServletResponse)	2	[false, false]		protected	false	/home/nima/Developer/taint-benchmarks/securibenchh20180525/src/main/java/securibench/micro/aliasing/Aliasing6.java
97	securibench.micro.aliasing.Aliasing6	getDescription()	5	[]		public	true	/home/nima/Developer/taint-benchmarks/securibenchh20180525/src/main/java/securibench/micro/aliasing/Aliasing6.java
98	securibench.micro.aliasing.Aliasing6	getVulnerabilityCount()	7	[]		public	false	/home/nima/Developer/taint-benchmarks/securibenchh20180525/src/main/java/securibench/micro/aliasing/Aliasing6.java
99	securibench.micro.reflection.Refl3	doGet(javax.servlet.http.HttpServletRequest,javax.servlet.http.HttpServletResponse)	2	[false, false]		protected	false	/home/nima/Developer/taint-benchmarks/securibenchh20180525/src/main/java/securibench/micro/reflection/Refl3.java
100	securibench.micro.reflection.Refl3	getDescription()	5	[]		public	true	/home/nima/Developer/taint-benchmarks/securibenchh20180525/src/main/java/securibench/micro/reflection/Refl3.java
101	securibench.micro.reflection.Refl3	getVulnerabilityCount()	7	[]		public	false	/home/nima/Developer/taint-benchmarks/securibenchh20180525/src/main/java/securibench/micro/reflection/Refl3.java
102	securibench.micro.aliasing.Aliasing3	doGet(javax.servlet.http.HttpServletRequest,javax.servlet.http.HttpServletResponse)	2	[false, false]		protected	false	/home/nima/Developer/taint-benchmarks/securibenchh20180525/src/main/java/securibench/micro/aliasing/Aliasing3.java
103	securibench.micro.aliasing.Aliasing3	getDescription()	5	[]		public	true	/home/nima/Developer/taint-benchmarks/securibenchh20180525/src/main/java/securibench/micro/aliasing/Aliasing3.java
104	securibench.micro.aliasing.Aliasing3	getVulnerabilityCount()	7	[]		public	false	/home/nima/Developer/taint-benchmarks/securibenchh20180525/src/main/java/securibench/micro/aliasing/Aliasing3.java
105	securibench.micro.inter.Inter5	doGet(javax.servlet.http.HttpServletRequest,javax.servlet.http.HttpServletResponse)	2	[false, false]		protected	false	/home/nima/Developer/taint-benchmarks/securibenchh20180525/src/main/java/securibench/micro/inter/Inter5.java
106	securibench.micro.inter.Inter5	id(java.lang.String)	0	[false]		private	true	/home/nima/Developer/taint-benchmarks/securibenchh20180525/src/main/java/securibench/micro/inter/Inter5.java
107	securibench.micro.inter.Inter5	getDescription()	5	[]		public	true	/home/nima/Developer/taint-benchmarks/securibenchh20180525/src/main/java/securibench/micro/inter/Inter5.java
108	securibench.micro.inter.Inter5	getVulnerabilityCount()	7	[]		public	false	/home/nima/Developer/taint-benchmarks/securibenchh20180525/src/main/java/securibench/micro/inter/Inter5.java
109	securibench.micro.collections.Collections3	doGet(javax.servlet.http.HttpServletRequest,javax.servlet.http.HttpServletResponse)	2	[false, false]		protected	false	/home/nima/Developer/taint-benchmarks/securibenchh20180525/src/main/java/securibench/micro/collections/Collections3.java
110	securibench.micro.collections.Collections3	getDescription()	5	[]		public	true	/home/nima/Developer/taint-benchmarks/securibenchh20180525/src/main/java/securibench/micro/collections/Collections3.java
111	securibench.micro.collections.Collections3	getVulnerabilityCount()	7	[]		public	false	/home/nima/Developer/taint-benchmarks/securibenchh20180525/src/main/java/securibench/micro/collections/Collections3.java
112	securibench.micro.datastructures.Datastructures6$C	getData()	0	[]		public	true	/home/nima/Developer/taint-benchmarks/securibenchh20180525/src/main/java/securibench/micro/datastructures/Datastructures6.java
113	securibench.micro.datastructures.Datastructures6$C	setData(java.lang.String)	0	[false]		public	false	/home/nima/Developer/taint-benchmarks/securibenchh20180525/src/main/java/securibench/micro/datastructures/Datastructures6.java
114	securibench.micro.datastructures.Datastructures6$C	setNext(securibench.micro.datastructures.Datastructures6.C)	0	[false]		public	false	/home/nima/Developer/taint-benchmarks/securibenchh20180525/src/main/java/securibench/micro/datastructures/Datastructures6.java
115	securibench.micro.datastructures.Datastructures6	doGet(javax.servlet.http.HttpServletRequest,javax.servlet.http.HttpServletResponse)	2	[false, false]		protected	false	/home/nima/Developer/taint-benchmarks/securibenchh20180525/src/main/java/securibench/micro/datastructures/Datastructures6.java
116	securibench.micro.datastructures.Datastructures6	getDescription()	5	[]		public	true	/home/nima/Developer/taint-benchmarks/securibenchh20180525/src/main/java/securibench/micro/datastructures/Datastructures6.java
117	securibench.micro.datastructures.Datastructures6	getVulnerabilityCount()	7	[]		public	false	/home/nima/Developer/taint-benchmarks/securibenchh20180525/src/main/java/securibench/micro/datastructures/Datastructures6.java
118	securibench.micro.basic.Basic21	doGet(javax.servlet.http.HttpServletRequest,javax.servlet.http.HttpServletResponse)	2	[false, false]		protected	false	/home/nima/Developer/taint-benchmarks/securibenchh20180525/src/main/java/securibench/micro/basic/Basic21.java
119	securibench.micro.basic.Basic21	getDescription()	5	[]		public	true	/home/nima/Developer/taint-benchmarks/securibenchh20180525/src/main/java/securibench/micro/basic/Basic21.java
120	securibench.micro.basic.Basic21	getVulnerabilityCount()	7	[]		public	false	/home/nima/Developer/taint-benchmarks/securibenchh20180525/src/main/java/securibench/micro/basic/Basic21.java
121	securibench.micro.basic.Basic26	doGet(javax.servlet.http.HttpServletRequest,javax.servlet.http.HttpServletResponse)	2	[false, false]		protected	false	/home/nima/Developer/taint-benchmarks/securibenchh20180525/src/main/java/securibench/micro/basic/Basic26.java
122	securibench.micro.basic.Basic26	getDescription()	5	[]		public	true	/home/nima/Developer/taint-benchmarks/securibenchh20180525/src/main/java/securibench/micro/basic/Basic26.java
123	securibench.micro.basic.Basic26	getVulnerabilityCount()	7	[]		public	false	/home/nima/Developer/taint-benchmarks/securibenchh20180525/src/main/java/securibench/micro/basic/Basic26.java
124	securibench.micro.pred.Pred5	doGet(javax.servlet.http.HttpServletRequest,javax.servlet.http.HttpServletResponse)	2	[false, false]		protected	false	/home/nima/Developer/taint-benchmarks/securibenchh20180525/src/main/java/securibench/micro/pred/Pred5.java
125	securibench.micro.pred.Pred5	getDescription()	5	[]		public	true	/home/nima/Developer/taint-benchmarks/securibenchh20180525/src/main/java/securibench/micro/pred/Pred5.java
126	securibench.micro.pred.Pred5	getVulnerabilityCount()	7	[]		public	false	/home/nima/Developer/taint-benchmarks/securibenchh20180525/src/main/java/securibench/micro/pred/Pred5.java
127	securibench.micro.collections.Collections9	doGet(javax.servlet.http.HttpServletRequest,javax.servlet.http.HttpServletResponse)	2	[false, false]		protected	false	/home/nima/Developer/taint-benchmarks/securibenchh20180525/src/main/java/securibench/micro/collections/Collections9.java
128	securibench.micro.collections.Collections9	getDescription()	5	[]		public	true	/home/nima/Developer/taint-benchmarks/securibenchh20180525/src/main/java/securibench/micro/collections/Collections9.java
129	securibench.micro.collections.Collections9	getVulnerabilityCount()	7	[]		public	false	/home/nima/Developer/taint-benchmarks/securibenchh20180525/src/main/java/securibench/micro/collections/Collections9.java
130	securibench.micro.strong_updates.StrongUpdates3	doGet(javax.servlet.http.HttpServletRequest,javax.servlet.http.HttpServletResponse)	2	[false, false]		protected	false	/home/nima/Developer/taint-benchmarks/securibenchh20180525/src/main/java/securibench/micro/strong_updates/StrongUpdates3.java
131	securibench.micro.strong_updates.StrongUpdates3	getDescription()	5	[]		public	true	/home/nima/Developer/taint-benchmarks/securibenchh20180525/src/main/java/securibench/micro/strong_updates/StrongUpdates3.java
132	securibench.micro.strong_updates.StrongUpdates3	getVulnerabilityCount()	7	[]		public	false	/home/nima/Developer/taint-benchmarks/securibenchh20180525/src/main/java/securibench/micro/strong_updates/StrongUpdates3.java
133	securibench.micro.inter.Inter13	doGet(javax.servlet.http.HttpServletRequest,javax.servlet.http.HttpServletResponse)	2	[false, false]		protected	false	/home/nima/Developer/taint-benchmarks/securibenchh20180525/src/main/java/securibench/micro/inter/Inter13.java
134	securibench.micro.inter.Inter13	f(java.lang.String,int,javax.servlet.ServletResponse)	0	[false, false, false]		private	false	/home/nima/Developer/taint-benchmarks/securibenchh20180525/src/main/java/securibench/micro/inter/Inter13.java
135	securibench.micro.inter.Inter13	getDescription()	5	[]		public	true	/home/nima/Developer/taint-benchmarks/securibenchh20180525/src/main/java/securibench/micro/inter/Inter13.java
136	securibench.micro.inter.Inter13	getVulnerabilityCount()	7	[]		public	false	/home/nima/Developer/taint-benchmarks/securibenchh20180525/src/main/java/securibench/micro/inter/Inter13.java
137	securibench.micro.session.Session2	doGet(javax.servlet.http.HttpServletRequest,javax.servlet.http.HttpServletResponse)	2	[false, false]		protected	false	/home/nima/Developer/taint-benchmarks/securibenchh20180525/src/main/java/securibench/micro/session/Session2.java
138	securibench.micro.session.Session2	getDescription()	5	[]		public	true	/home/nima/Developer/taint-benchmarks/securibenchh20180525/src/main/java/securibench/micro/session/Session2.java
139	securibench.micro.session.Session2	getVulnerabilityCount()	7	[]		public	false	/home/nima/Developer/taint-benchmarks/securibenchh20180525/src/main/java/securibench/micro/session/Session2.java
140	securibench.micro.basic.Basic20	doGet(javax.servlet.http.HttpServletRequest,javax.servlet.http.HttpServletResponse)	2	[false, false]		protected	false	/home/nima/Developer/taint-benchmarks/securibenchh20180525/src/main/java/securibench/micro/basic/Basic20.java
141	securibench.micro.basic.Basic20	getDescription()	5	[]		public	true	/home/nima/Developer/taint-benchmarks/securibenchh20180525/src/main/java/securibench/micro/basic/Basic20.java
142	securibench.micro.basic.Basic20	getVulnerabilityCount()	7	[]		public	false	/home/nima/Developer/taint-benchmarks/securibenchh20180525/src/main/java/securibench/micro/basic/Basic20.java
143	securibench.micro.reflection.Refl2	doGet(javax.servlet.http.HttpServletRequest,javax.servlet.http.HttpServletResponse)	2	[false, false]		protected	false	/home/nima/Developer/taint-benchmarks/securibenchh20180525/src/main/java/securibench/micro/reflection/Refl2.java
144	securibench.micro.reflection.Refl2	f(javax.servlet.ServletResponse)	0	[false]		private	false	/home/nima/Developer/taint-benchmarks/securibenchh20180525/src/main/java/securibench/micro/reflection/Refl2.java
145	securibench.micro.reflection.Refl2	getDescription()	5	[]		public	true	/home/nima/Developer/taint-benchmarks/securibenchh20180525/src/main/java/securibench/micro/reflection/Refl2.java
146	securibench.micro.reflection.Refl2	getVulnerabilityCount()	7	[]		public	false	/home/nima/Developer/taint-benchmarks/securibenchh20180525/src/main/java/securibench/micro/reflection/Refl2.java
147	securibench.micro.arrays.Arrays10	doGet(javax.servlet.http.HttpServletRequest,javax.servlet.http.HttpServletResponse)	2	[false, false]		protected	false	/home/nima/Developer/taint-benchmarks/securibenchh20180525/src/main/java/securibench/micro/arrays/Arrays10.java
148	securibench.micro.arrays.Arrays10	getDescription()	5	[]		public	true	/home/nima/Developer/taint-benchmarks/securibenchh20180525/src/main/java/securibench/micro/arrays/Arrays10.java
149	securibench.micro.arrays.Arrays10	getVulnerabilityCount()	7	[]		public	false	/home/nima/Developer/taint-benchmarks/securibenchh20180525/src/main/java/securibench/micro/arrays/Arrays10.java
150	securibench.micro.inter.Inter4	doGet(javax.servlet.http.HttpServletRequest,javax.servlet.http.HttpServletResponse)	2	[false, false]		protected	false	/home/nima/Developer/taint-benchmarks/securibenchh20180525/src/main/java/securibench/micro/inter/Inter4.java
151	securibench.micro.inter.Inter4	f(javax.servlet.ServletResponse)	0	[false]		private	false	/home/nima/Developer/taint-benchmarks/securibenchh20180525/src/main/java/securibench/micro/inter/Inter4.java
152	securibench.micro.inter.Inter4	getDescription()	5	[]		public	true	/home/nima/Developer/taint-benchmarks/securibenchh20180525/src/main/java/securibench/micro/inter/Inter4.java
153	securibench.micro.inter.Inter4	getVulnerabilityCount()	7	[]		public	false	/home/nima/Developer/taint-benchmarks/securibenchh20180525/src/main/java/securibench/micro/inter/Inter4.java
154	securibench.micro.basic.Basic27	doGet(javax.servlet.http.HttpServletRequest,javax.servlet.http.HttpServletResponse)	2	[false, false]		protected	false	/home/nima/Developer/taint-benchmarks/securibenchh20180525/src/main/java/securibench/micro/basic/Basic27.java
155	securibench.micro.basic.Basic27	getDescription()	5	[]		public	true	/home/nima/Developer/taint-benchmarks/securibenchh20180525/src/main/java/securibench/micro/basic/Basic27.java
156	securibench.micro.basic.Basic27	getVulnerabilityCount()	7	[]		public	false	/home/nima/Developer/taint-benchmarks/securibenchh20180525/src/main/java/securibench/micro/basic/Basic27.java
157	securibench.micro.basic.Basic17$Widget	getContents()	0	[]		public	true	/home/nima/Developer/taint-benchmarks/securibenchh20180525/src/main/java/securibench/micro/basic/Basic17.java
158	securibench.micro.basic.Basic17$Widget	setContents(java.lang.String)	0	[false]		public	false	/home/nima/Developer/taint-benchmarks/securibenchh20180525/src/main/java/securibench/micro/basic/Basic17.java
159	securibench.micro.basic.Basic17	doGet(javax.servlet.http.HttpServletRequest,javax.servlet.http.HttpServletResponse)	2	[false, false]		protected	false	/home/nima/Developer/taint-benchmarks/securibenchh20180525/src/main/java/securibench/micro/basic/Basic17.java
160	securibench.micro.basic.Basic17	getDescription()	5	[]		public	true	/home/nima/Developer/taint-benchmarks/securibenchh20180525/src/main/java/securibench/micro/basic/Basic17.java
161	securibench.micro.basic.Basic17	getVulnerabilityCount()	7	[]		public	false	/home/nima/Developer/taint-benchmarks/securibenchh20180525/src/main/java/securibench/micro/basic/Basic17.java
162	securibench.micro.basic.Basic33	doGet(javax.servlet.http.HttpServletRequest,javax.servlet.http.HttpServletResponse)	2	[false, false]		protected	false	/home/nima/Developer/taint-benchmarks/securibenchh20180525/src/main/java/securibench/micro/basic/Basic33.java
163	securibench.micro.basic.Basic33	getDescription()	5	[]		public	true	/home/nima/Developer/taint-benchmarks/securibenchh20180525/src/main/java/securibench/micro/basic/Basic33.java
164	securibench.micro.basic.Basic33	getVulnerabilityCount()	7	[]		public	false	/home/nima/Developer/taint-benchmarks/securibenchh20180525/src/main/java/securibench/micro/basic/Basic33.java
165	securibench.micro.aliasing.Aliasing4	doGet(javax.servlet.http.HttpServletRequest,javax.servlet.http.HttpServletResponse)	2	[false, false]		protected	false	/home/nima/Developer/taint-benchmarks/securibenchh20180525/src/main/java/securibench/micro/aliasing/Aliasing4.java
166	securibench.micro.aliasing.Aliasing4	getDescription()	5	[]		public	true	/home/nima/Developer/taint-benchmarks/securibenchh20180525/src/main/java/securibench/micro/aliasing/Aliasing4.java
167	securibench.micro.aliasing.Aliasing4	getVulnerabilityCount()	7	[]		public	false	/home/nima/Developer/taint-benchmarks/securibenchh20180525/src/main/java/securibench/micro/aliasing/Aliasing4.java
168	securibench.micro.basic.Basic36	doGet(javax.servlet.http.HttpServletRequest,javax.servlet.http.HttpServletResponse)	2	[false, false]		protected	false	/home/nima/Developer/taint-benchmarks/securibenchh20180525/src/main/java/securibench/micro/basic/Basic36.java
169	securibench.micro.basic.Basic36	getDescription()	5	[]		public	true	/home/nima/Developer/taint-benchmarks/securibenchh20180525/src/main/java/securibench/micro/basic/Basic36.java
170	securibench.micro.basic.Basic36	getVulnerabilityCount()	7	[]		public	false	/home/nima/Developer/taint-benchmarks/securibenchh20180525/src/main/java/securibench/micro/basic/Basic36.java
171	securibench.micro.factories.Factories2	doGet(javax.servlet.http.HttpServletRequest,javax.servlet.http.HttpServletResponse)	2	[false, false]		protected	false	/home/nima/Developer/taint-benchmarks/securibenchh20180525/src/main/java/securibench/micro/factories/Factories2.java
172	securibench.micro.factories.Factories2	getDescription()	5	[]		public	true	/home/nima/Developer/taint-benchmarks/securibenchh20180525/src/main/java/securibench/micro/factories/Factories2.java
173	securibench.micro.factories.Factories2	getVulnerabilityCount()	7	[]		public	false	/home/nima/Developer/taint-benchmarks/securibenchh20180525/src/main/java/securibench/micro/factories/Factories2.java
174	securibench.micro.basic.Basic39	doGet(javax.servlet.http.HttpServletRequest,javax.servlet.http.HttpServletResponse)	2	[false, false]		protected	false	/home/nima/Developer/taint-benchmarks/securibenchh20180525/src/main/java/securibench/micro/basic/Basic39.java
175	securibench.micro.basic.Basic39	getDescription()	5	[]		public	true	/home/nima/Developer/taint-benchmarks/securibenchh20180525/src/main/java/securibench/micro/basic/Basic39.java
176	securibench.micro.basic.Basic39	getVulnerabilityCount()	7	[]		public	false	/home/nima/Developer/taint-benchmarks/securibenchh20180525/src/main/java/securibench/micro/basic/Basic39.java
177	securibench.micro.arrays.Arrays7	doGet(javax.servlet.http.HttpServletRequest,javax.servlet.http.HttpServletResponse)	2	[false, false]		protected	false	/home/nima/Developer/taint-benchmarks/securibenchh20180525/src/main/java/securibench/micro/arrays/Arrays7.java
178	securibench.micro.arrays.Arrays7	getDescription()	5	[]		public	true	/home/nima/Developer/taint-benchmarks/securibenchh20180525/src/main/java/securibench/micro/arrays/Arrays7.java
179	securibench.micro.arrays.Arrays7	getVulnerabilityCount()	7	[]		public	false	/home/nima/Developer/taint-benchmarks/securibenchh20180525/src/main/java/securibench/micro/arrays/Arrays7.java
180	securibench.micro.inter.Inter10	doGet(javax.servlet.http.HttpServletRequest,javax.servlet.http.HttpServletResponse)	2	[false, false]		protected	false	/home/nima/Developer/taint-benchmarks/securibenchh20180525/src/main/java/securibench/micro/inter/Inter10.java
181	securibench.micro.inter.Inter10	foo(java.lang.String)	0	[false]		private	true	/home/nima/Developer/taint-benchmarks/securibenchh20180525/src/main/java/securibench/micro/inter/Inter10.java
182	securibench.micro.inter.Inter10	getDescription()	5	[]		public	true	/home/nima/Developer/taint-benchmarks/securibenchh20180525/src/main/java/securibench/micro/inter/Inter10.java
183	securibench.micro.inter.Inter10	getVulnerabilityCount()	7	[]		public	false	/home/nima/Developer/taint-benchmarks/securibenchh20180525/src/main/java/securibench/micro/inter/Inter10.java
184	securibench.micro.arrays.Arrays4	doGet(javax.servlet.http.HttpServletRequest,javax.servlet.http.HttpServletResponse)	2	[false, false]		protected	false	/home/nima/Developer/taint-benchmarks/securibenchh20180525/src/main/java/securibench/micro/arrays/Arrays4.java
185	securibench.micro.arrays.Arrays4	getDescription()	5	[]		public	true	/home/nima/Developer/taint-benchmarks/securibenchh20180525/src/main/java/securibench/micro/arrays/Arrays4.java
186	securibench.micro.arrays.Arrays4	getVulnerabilityCount()	7	[]		public	false	/home/nima/Developer/taint-benchmarks/securibenchh20180525/src/main/java/securibench/micro/arrays/Arrays4.java
187	securibench.micro.pred.Pred2	doGet(javax.servlet.http.HttpServletRequest,javax.servlet.http.HttpServletResponse)	2	[false, false]		protected	false	/home/nima/Developer/taint-benchmarks/securibenchh20180525/src/main/java/securibench/micro/pred/Pred2.java
188	securibench.micro.pred.Pred2	getDescription()	5	[]		public	true	/home/nima/Developer/taint-benchmarks/securibenchh20180525/src/main/java/securibench/micro/pred/Pred2.java
189	securibench.micro.pred.Pred2	getVulnerabilityCount()	7	[]		public	false	/home/nima/Developer/taint-benchmarks/securibenchh20180525/src/main/java/securibench/micro/pred/Pred2.java
190	securibench.micro.basic.Basic30	doGet(javax.servlet.http.HttpServletRequest,javax.servlet.http.HttpServletResponse)	2	[false, false]		protected	false	/home/nima/Developer/taint-benchmarks/securibenchh20180525/src/main/java/securibench/micro/basic/Basic30.java
191	securibench.micro.basic.Basic30	getDescription()	5	[]		public	true	/home/nima/Developer/taint-benchmarks/securibenchh20180525/src/main/java/securibench/micro/basic/Basic30.java
192	securibench.micro.basic.Basic30	getVulnerabilityCount()	7	[]		public	false	/home/nima/Developer/taint-benchmarks/securibenchh20180525/src/main/java/securibench/micro/basic/Basic30.java
193	securibench.micro.basic.Basic8	doGet(javax.servlet.http.HttpServletRequest,javax.servlet.http.HttpServletResponse)	2	[false, false]		protected	false	/home/nima/Developer/taint-benchmarks/securibenchh20180525/src/main/java/securibench/micro/basic/Basic8.java
194	securibench.micro.basic.Basic8	getDescription()	5	[]		public	true	/home/nima/Developer/taint-benchmarks/securibenchh20180525/src/main/java/securibench/micro/basic/Basic8.java
195	securibench.micro.basic.Basic8	getVulnerabilityCount()	7	[]		public	false	/home/nima/Developer/taint-benchmarks/securibenchh20180525/src/main/java/securibench/micro/basic/Basic8.java
196	securibench.micro.datastructures.Datastructures3$C	getData()	0	[]		public	true	/home/nima/Developer/taint-benchmarks/securibenchh20180525/src/main/java/securibench/micro/datastructures/Datastructures3.java
197	securibench.micro.datastructures.Datastructures3$C	setData(java.lang.String)	0	[false]		public	false	/home/nima/Developer/taint-benchmarks/securibenchh20180525/src/main/java/securibench/micro/datastructures/Datastructures3.java
198	securibench.micro.datastructures.Datastructures3$C	setNext(securibench.micro.datastructures.Datastructures3.C)	0	[false]		public	false	/home/nima/Developer/taint-benchmarks/securibenchh20180525/src/main/java/securibench/micro/datastructures/Datastructures3.java
199	securibench.micro.datastructures.Datastructures3	doGet(javax.servlet.http.HttpServletRequest,javax.servlet.http.HttpServletResponse)	2	[false, false]		protected	false	/home/nima/Developer/taint-benchmarks/securibenchh20180525/src/main/java/securibench/micro/datastructures/Datastructures3.java
200	securibench.micro.datastructures.Datastructures3	getDescription()	5	[]		public	true	/home/nima/Developer/taint-benchmarks/securibenchh20180525/src/main/java/securibench/micro/datastructures/Datastructures3.java
201	securibench.micro.datastructures.Datastructures3	getVulnerabilityCount()	7	[]		public	false	/home/nima/Developer/taint-benchmarks/securibenchh20180525/src/main/java/securibench/micro/datastructures/Datastructures3.java
202	securibench.micro.basic.Basic14	doGet(javax.servlet.http.HttpServletRequest,javax.servlet.http.HttpServletResponse)	2	[false, false]		protected	false	/home/nima/Developer/taint-benchmarks/securibenchh20180525/src/main/java/securibench/micro/basic/Basic14.java
203	securibench.micro.basic.Basic14	getDescription()	5	[]		public	true	/home/nima/Developer/taint-benchmarks/securibenchh20180525/src/main/java/securibench/micro/basic/Basic14.java
204	securibench.micro.basic.Basic14	getVulnerabilityCount()	7	[]		public	false	/home/nima/Developer/taint-benchmarks/securibenchh20180525/src/main/java/securibench/micro/basic/Basic14.java
205	securibench.micro.basic.Basic2	doGet(javax.servlet.http.HttpServletRequest,javax.servlet.http.HttpServletResponse)	2	[false, false]		protected	false	/home/nima/Developer/taint-benchmarks/securibenchh20180525/src/main/java/securibench/micro/basic/Basic2.java
206	securibench.micro.basic.Basic2	getDescription()	5	[]		public	true	/home/nima/Developer/taint-benchmarks/securibenchh20180525/src/main/java/securibench/micro/basic/Basic2.java
207	securibench.micro.basic.Basic2	getVulnerabilityCount()	7	[]		public	false	/home/nima/Developer/taint-benchmarks/securibenchh20180525/src/main/java/securibench/micro/basic/Basic2.java
208	securibench.micro.basic.Basic5	doGet(javax.servlet.http.HttpServletRequest,javax.servlet.http.HttpServletResponse)	2	[false, false]		protected	false	/home/nima/Developer/taint-benchmarks/securibenchh20180525/src/main/java/securibench/micro/basic/Basic5.java
209	securibench.micro.basic.Basic5	getDescription()	5	[]		public	true	/home/nima/Developer/taint-benchmarks/securibenchh20180525/src/main/java/securibench/micro/basic/Basic5.java
210	securibench.micro.basic.Basic5	getVulnerabilityCount()	7	[]		public	false	/home/nima/Developer/taint-benchmarks/securibenchh20180525/src/main/java/securibench/micro/basic/Basic5.java
211	securibench.micro.basic.Basic11	doGet(javax.servlet.http.HttpServletRequest,javax.servlet.http.HttpServletResponse)	2	[false, false]		protected	false	/home/nima/Developer/taint-benchmarks/securibenchh20180525/src/main/java/securibench/micro/basic/Basic11.java
212	securibench.micro.basic.Basic11	getDescription()	5	[]		public	true	/home/nima/Developer/taint-benchmarks/securibenchh20180525/src/main/java/securibench/micro/basic/Basic11.java
213	securibench.micro.basic.Basic11	getVulnerabilityCount()	7	[]		public	false	/home/nima/Developer/taint-benchmarks/securibenchh20180525/src/main/java/securibench/micro/basic/Basic11.java
214	securibench.micro.collections.Collections11	doGet(javax.servlet.http.HttpServletRequest,javax.servlet.http.HttpServletResponse)	2	[false, false]		protected	false	/home/nima/Developer/taint-benchmarks/securibenchh20180525/src/main/java/securibench/micro/collections/Collections11.java
215	securibench.micro.collections.Collections11	getDescription()	5	[]		public	true	/home/nima/Developer/taint-benchmarks/securibenchh20180525/src/main/java/securibench/micro/collections/Collections11.java
216	securibench.micro.collections.Collections11	getVulnerabilityCount()	7	[]		public	false	/home/nima/Developer/taint-benchmarks/securibenchh20180525/src/main/java/securibench/micro/collections/Collections11.java
217	securibench.micro.basic.Basic32	doGet(javax.servlet.http.HttpServletRequest,javax.servlet.http.HttpServletResponse)	2	[false, false]		protected	false	/home/nima/Developer/taint-benchmarks/securibenchh20180525/src/main/java/securibench/micro/basic/Basic32.java
218	securibench.micro.basic.Basic32	getDescription()	5	[]		public	true	/home/nima/Developer/taint-benchmarks/securibenchh20180525/src/main/java/securibench/micro/basic/Basic32.java
219	securibench.micro.basic.Basic32	getVulnerabilityCount()	7	[]		public	false	/home/nima/Developer/taint-benchmarks/securibenchh20180525/src/main/java/securibench/micro/basic/Basic32.java
220	securibench.micro.collections.Collections6	doGet(javax.servlet.http.HttpServletRequest,javax.servlet.http.HttpServletResponse)	2	[false, false]		protected	false	/home/nima/Developer/taint-benchmarks/securibenchh20180525/src/main/java/securibench/micro/collections/Collections6.java
221	securibench.micro.collections.Collections6	getDescription()	5	[]		public	true	/home/nima/Developer/taint-benchmarks/securibenchh20180525/src/main/java/securibench/micro/collections/Collections6.java
222	securibench.micro.collections.Collections6	getVulnerabilityCount()	7	[]		public	false	/home/nima/Developer/taint-benchmarks/securibenchh20180525/src/main/java/securibench/micro/collections/Collections6.java
223	securibench.micro.strong_updates.StrongUpdates1	doGet(javax.servlet.http.HttpServletRequest,javax.servlet.http.HttpServletResponse)	2	[false, false]		protected	false	/home/nima/Developer/taint-benchmarks/securibenchh20180525/src/main/java/securibench/micro/strong_updates/StrongUpdates1.java
224	securibench.micro.strong_updates.StrongUpdates1	getDescription()	5	[]		public	true	/home/nima/Developer/taint-benchmarks/securibenchh20180525/src/main/java/securibench/micro/strong_updates/StrongUpdates1.java
225	securibench.micro.strong_updates.StrongUpdates1	getVulnerabilityCount()	7	[]		public	false	/home/nima/Developer/taint-benchmarks/securibenchh20180525/src/main/java/securibench/micro/strong_updates/StrongUpdates1.java
226	securibench.micro.pred.Pred3	doGet(javax.servlet.http.HttpServletRequest,javax.servlet.http.HttpServletResponse)	2	[false, false]		protected	false	/home/nima/Developer/taint-benchmarks/securibenchh20180525/src/main/java/securibench/micro/pred/Pred3.java
227	securibench.micro.pred.Pred3	getDescription()	5	[]		public	true	/home/nima/Developer/taint-benchmarks/securibenchh20180525/src/main/java/securibench/micro/pred/Pred3.java
228	securibench.micro.pred.Pred3	getVulnerabilityCount()	7	[]		public	false	/home/nima/Developer/taint-benchmarks/securibenchh20180525/src/main/java/securibench/micro/pred/Pred3.java
229	securibench.micro.inter.Inter8	doGet(javax.servlet.http.HttpServletRequest,javax.servlet.http.HttpServletResponse)	2	[false, false]		protected	false	/home/nima/Developer/taint-benchmarks/securibenchh20180525/src/main/java/securibench/micro/inter/Inter8.java
230	securibench.micro.inter.Inter8	foo(java.lang.String)	0	[false]		private	true	/home/nima/Developer/taint-benchmarks/securibenchh20180525/src/main/java/securibench/micro/inter/Inter8.java
231	securibench.micro.inter.Inter8	bar(java.lang.String)	0	[false]		private	true	/home/nima/Developer/taint-benchmarks/securibenchh20180525/src/main/java/securibench/micro/inter/Inter8.java
232	securibench.micro.inter.Inter8	id(java.lang.String)	0	[false]		private	true	/home/nima/Developer/taint-benchmarks/securibenchh20180525/src/main/java/securibench/micro/inter/Inter8.java
233	securibench.micro.inter.Inter8	id2(java.lang.String)	0	[false]		private	true	/home/nima/Developer/taint-benchmarks/securibenchh20180525/src/main/java/securibench/micro/inter/Inter8.java
234	securibench.micro.inter.Inter8	getDescription()	5	[]		public	true	/home/nima/Developer/taint-benchmarks/securibenchh20180525/src/main/java/securibench/micro/inter/Inter8.java
235	securibench.micro.inter.Inter8	getVulnerabilityCount()	7	[]		public	false	/home/nima/Developer/taint-benchmarks/securibenchh20180525/src/main/java/securibench/micro/inter/Inter8.java
236	securibench.micro.basic.Basic15	doGet(javax.servlet.http.HttpServletRequest,javax.servlet.http.HttpServletResponse)	2	[false, false]		protected	false	/home/nima/Developer/taint-benchmarks/securibenchh20180525/src/main/java/securibench/micro/basic/Basic15.java
237	securibench.micro.basic.Basic15	getDescription()	5	[]		public	true	/home/nima/Developer/taint-benchmarks/securibenchh20180525/src/main/java/securibench/micro/basic/Basic15.java
238	securibench.micro.basic.Basic15	getVulnerabilityCount()	7	[]		public	false	/home/nima/Developer/taint-benchmarks/securibenchh20180525/src/main/java/securibench/micro/basic/Basic15.java
239	securibench.micro.arrays.Arrays6	doGet(javax.servlet.http.HttpServletRequest,javax.servlet.http.HttpServletResponse)	2	[false, false]		protected	false	/home/nima/Developer/taint-benchmarks/securibenchh20180525/src/main/java/securibench/micro/arrays/Arrays6.java
240	securibench.micro.arrays.Arrays6	getDescription()	5	[]		public	true	/home/nima/Developer/taint-benchmarks/securibenchh20180525/src/main/java/securibench/micro/arrays/Arrays6.java
241	securibench.micro.arrays.Arrays6	getVulnerabilityCount()	7	[]		public	false	/home/nima/Developer/taint-benchmarks/securibenchh20180525/src/main/java/securibench/micro/arrays/Arrays6.java
242	securibench.micro.basic.Basic16$Widget	getContents()	0	[]		public	true	/home/nima/Developer/taint-benchmarks/securibenchh20180525/src/main/java/securibench/micro/basic/Basic16.java
243	securibench.micro.basic.Basic16$Widget	setContents(java.lang.String)	0	[false]		public	false	/home/nima/Developer/taint-benchmarks/securibenchh20180525/src/main/java/securibench/micro/basic/Basic16.java
244	securibench.micro.basic.Basic16	doGet(javax.servlet.http.HttpServletRequest,javax.servlet.http.HttpServletResponse)	2	[false, false]		protected	false	/home/nima/Developer/taint-benchmarks/securibenchh20180525/src/main/java/securibench/micro/basic/Basic16.java
245	securibench.micro.basic.Basic16	getDescription()	5	[]		public	true	/home/nima/Developer/taint-benchmarks/securibenchh20180525/src/main/java/securibench/micro/basic/Basic16.java
246	securibench.micro.basic.Basic16	getVulnerabilityCount()	7	[]		public	false	/home/nima/Developer/taint-benchmarks/securibenchh20180525/src/main/java/securibench/micro/basic/Basic16.java
247	securibench.micro.collections.Collections11b	foo(java.lang.Object,javax.servlet.ServletResponse)	0	[false, false]		protected	false	/home/nima/Developer/taint-benchmarks/securibenchh20180525/src/main/java/securibench/micro/collections/Collections11b.java
248	securibench.micro.sanitizers.Sanitizers2	doGet(javax.servlet.http.HttpServletRequest,javax.servlet.http.HttpServletResponse)	2	[false, false]		protected	false	/home/nima/Developer/taint-benchmarks/securibenchh20180525/src/main/java/securibench/micro/sanitizers/Sanitizers2.java
249	securibench.micro.sanitizers.Sanitizers2	clean(java.lang.String)	0	[false]		private	true	/home/nima/Developer/taint-benchmarks/securibenchh20180525/src/main/java/securibench/micro/sanitizers/Sanitizers2.java
250	securibench.micro.sanitizers.Sanitizers2	getDescription()	5	[]		public	true	/home/nima/Developer/taint-benchmarks/securibenchh20180525/src/main/java/securibench/micro/sanitizers/Sanitizers2.java
251	securibench.micro.sanitizers.Sanitizers2	getVulnerabilityCount()	7	[]		public	false	/home/nima/Developer/taint-benchmarks/securibenchh20180525/src/main/java/securibench/micro/sanitizers/Sanitizers2.java
252	securibench.micro.aliasing.Aliasing1	doGet(javax.servlet.http.HttpServletRequest,javax.servlet.http.HttpServletResponse)	2	[false, false]		protected	false	/home/nima/Developer/taint-benchmarks/securibenchh20180525/src/main/java/securibench/micro/aliasing/Aliasing1.java
253	securibench.micro.aliasing.Aliasing1	getDescription()	5	[]		public	true	/home/nima/Developer/taint-benchmarks/securibenchh20180525/src/main/java/securibench/micro/aliasing/Aliasing1.java
254	securibench.micro.aliasing.Aliasing1	getVulnerabilityCount()	7	[]		public	false	/home/nima/Developer/taint-benchmarks/securibenchh20180525/src/main/java/securibench/micro/aliasing/Aliasing1.java
255	securibench.micro.collections.Collections12	doGet(javax.servlet.http.HttpServletRequest,javax.servlet.http.HttpServletResponse)	2	[false, false]		protected	false	/home/nima/Developer/taint-benchmarks/securibenchh20180525/src/main/java/securibench/micro/collections/Collections12.java
256	securibench.micro.collections.Collections12	getDescription()	5	[]		public	true	/home/nima/Developer/taint-benchmarks/securibenchh20180525/src/main/java/securibench/micro/collections/Collections12.java
257	securibench.micro.collections.Collections12	getVulnerabilityCount()	7	[]		public	false	/home/nima/Developer/taint-benchmarks/securibenchh20180525/src/main/java/securibench/micro/collections/Collections12.java
258	securibench.micro.inter.Inter7$Base	Base(java.lang.String)	0	[false]		public	false	/home/nima/Developer/taint-benchmarks/securibenchh20180525/src/main/java/securibench/micro/inter/Inter7.java
259	securibench.micro.inter.Inter7$Base	foo()	0	[]		private	false	/home/nima/Developer/taint-benchmarks/securibenchh20180525/src/main/java/securibench/micro/inter/Inter7.java
260	securibench.micro.inter.Inter7$Base	toString()	261	[]		public	true	/home/nima/Developer/taint-benchmarks/securibenchh20180525/src/main/java/securibench/micro/inter/Inter7.java
262	securibench.micro.inter.Inter7$ReflectivelyCreated	ReflectivelyCreated(java.lang.String)	0	[false]		package	false	/home/nima/Developer/taint-benchmarks/securibenchh20180525/src/main/java/securibench/micro/inter/Inter7.java
263	securibench.micro.inter.Inter7	doGet(javax.servlet.http.HttpServletRequest,javax.servlet.http.HttpServletResponse)	2	[false, false]		protected	false	/home/nima/Developer/taint-benchmarks/securibenchh20180525/src/main/java/securibench/micro/inter/Inter7.java
264	securibench.micro.inter.Inter7	getDescription()	5	[]		public	true	/home/nima/Developer/taint-benchmarks/securibenchh20180525/src/main/java/securibench/micro/inter/Inter7.java
265	securibench.micro.inter.Inter7	getVulnerabilityCount()	7	[]		public	false	/home/nima/Developer/taint-benchmarks/securibenchh20180525/src/main/java/securibench/micro/inter/Inter7.java
266	securibench.micro.arrays.Arrays5	doGet(javax.servlet.http.HttpServletRequest,javax.servlet.http.HttpServletResponse)	2	[false, false]		protected	false	/home/nima/Developer/taint-benchmarks/securibenchh20180525/src/main/java/securibench/micro/arrays/Arrays5.java
267	securibench.micro.arrays.Arrays5	getDescription()	5	[]		public	true	/home/nima/Developer/taint-benchmarks/securibenchh20180525/src/main/java/securibench/micro/arrays/Arrays5.java
268	securibench.micro.arrays.Arrays5	getVulnerabilityCount()	7	[]		public	false	/home/nima/Developer/taint-benchmarks/securibenchh20180525/src/main/java/securibench/micro/arrays/Arrays5.java
269	securibench.micro.pred.Pred1	doGet(javax.servlet.http.HttpServletRequest,javax.servlet.http.HttpServletResponse)	2	[false, false]		protected	false	/home/nima/Developer/taint-benchmarks/securibenchh20180525/src/main/java/securibench/micro/pred/Pred1.java
270	securibench.micro.pred.Pred1	getDescription()	5	[]		public	true	/home/nima/Developer/taint-benchmarks/securibenchh20180525/src/main/java/securibench/micro/pred/Pred1.java
271	securibench.micro.pred.Pred1	getVulnerabilityCount()	7	[]		public	false	/home/nima/Developer/taint-benchmarks/securibenchh20180525/src/main/java/securibench/micro/pred/Pred1.java
272	securibench.micro.inter.Inter14	doGet(javax.servlet.http.HttpServletRequest,javax.servlet.http.HttpServletResponse)	2	[false, false]		protected	false	/home/nima/Developer/taint-benchmarks/securibenchh20180525/src/main/java/securibench/micro/inter/Inter14.java
273	securibench.micro.inter.Inter14	f(java.lang.String,int,javax.servlet.ServletResponse)	0	[false, false, false]		private	false	/home/nima/Developer/taint-benchmarks/securibenchh20180525/src/main/java/securibench/micro/inter/Inter14.java
274	securibench.micro.inter.Inter14	getDescription()	5	[]		public	true	/home/nima/Developer/taint-benchmarks/securibenchh20180525/src/main/java/securibench/micro/inter/Inter14.java
275	securibench.micro.inter.Inter14	getVulnerabilityCount()	7	[]		public	false	/home/nima/Developer/taint-benchmarks/securibenchh20180525/src/main/java/securibench/micro/inter/Inter14.java
276	securibench.micro.datastructures.Datastructures2$C	getData()	0	[]		public	true	/home/nima/Developer/taint-benchmarks/securibenchh20180525/src/main/java/securibench/micro/datastructures/Datastructures2.java
277	securibench.micro.datastructures.Datastructures2$C	getTag()	0	[]		public	true	/home/nima/Developer/taint-benchmarks/securibenchh20180525/src/main/java/securibench/micro/datastructures/Datastructures2.java
278	securibench.micro.datastructures.Datastructures2$C	setData(java.lang.String)	0	[false]		public	false	/home/nima/Developer/taint-benchmarks/securibenchh20180525/src/main/java/securibench/micro/datastructures/Datastructures2.java
279	securibench.micro.datastructures.Datastructures2	doGet(javax.servlet.http.HttpServletRequest,javax.servlet.http.HttpServletResponse)	2	[false, false]		protected	false	/home/nima/Developer/taint-benchmarks/securibenchh20180525/src/main/java/securibench/micro/datastructures/Datastructures2.java
280	securibench.micro.datastructures.Datastructures2	getDescription()	5	[]		public	true	/home/nima/Developer/taint-benchmarks/securibenchh20180525/src/main/java/securibench/micro/datastructures/Datastructures2.java
281	securibench.micro.datastructures.Datastructures2	getVulnerabilityCount()	7	[]		public	false	/home/nima/Developer/taint-benchmarks/securibenchh20180525/src/main/java/securibench/micro/datastructures/Datastructures2.java
282	securibench.micro.basic.Basic3	doGet(javax.servlet.http.HttpServletRequest,javax.servlet.http.HttpServletResponse)	2	[false, false]		protected	false	/home/nima/Developer/taint-benchmarks/securibenchh20180525/src/main/java/securibench/micro/basic/Basic3.java
283	securibench.micro.basic.Basic3	getDescription()	5	[]		public	true	/home/nima/Developer/taint-benchmarks/securibenchh20180525/src/main/java/securibench/micro/basic/Basic3.java
284	securibench.micro.basic.Basic3	getVulnerabilityCount()	7	[]		public	false	/home/nima/Developer/taint-benchmarks/securibenchh20180525/src/main/java/securibench/micro/basic/Basic3.java
285	securibench.micro.arrays.Arrays8	doGet(javax.servlet.http.HttpServletRequest,javax.servlet.http.HttpServletResponse)	2	[false, false]		protected	false	/home/nima/Developer/taint-benchmarks/securibenchh20180525/src/main/java/securibench/micro/arrays/Arrays8.java
286	securibench.micro.arrays.Arrays8	getDescription()	5	[]		public	true	/home/nima/Developer/taint-benchmarks/securibenchh20180525/src/main/java/securibench/micro/arrays/Arrays8.java
287	securibench.micro.arrays.Arrays8	getVulnerabilityCount()	7	[]		public	false	/home/nima/Developer/taint-benchmarks/securibenchh20180525/src/main/java/securibench/micro/arrays/Arrays8.java
288	securibench.micro.sanitizers.Sanitizers3	doGet(javax.servlet.http.HttpServletRequest,javax.servlet.http.HttpServletResponse)	2	[false, false]		protected	false	/home/nima/Developer/taint-benchmarks/securibenchh20180525/src/main/java/securibench/micro/sanitizers/Sanitizers3.java
289	securibench.micro.sanitizers.Sanitizers3	getDescription()	5	[]		public	true	/home/nima/Developer/taint-benchmarks/securibenchh20180525/src/main/java/securibench/micro/sanitizers/Sanitizers3.java
290	securibench.micro.sanitizers.Sanitizers3	getVulnerabilityCount()	7	[]		public	false	/home/nima/Developer/taint-benchmarks/securibenchh20180525/src/main/java/securibench/micro/sanitizers/Sanitizers3.java
291	securibench.micro.basic.Basic1	doGet(javax.servlet.http.HttpServletRequest,javax.servlet.http.HttpServletResponse)	2	[false, false]		protected	false	/home/nima/Developer/taint-benchmarks/securibenchh20180525/src/main/java/securibench/micro/basic/Basic1.java
292	securibench.micro.basic.Basic1	getDescription()	5	[]		public	true	/home/nima/Developer/taint-benchmarks/securibenchh20180525/src/main/java/securibench/micro/basic/Basic1.java
293	securibench.micro.basic.Basic1	getVulnerabilityCount()	7	[]		public	false	/home/nima/Developer/taint-benchmarks/securibenchh20180525/src/main/java/securibench/micro/basic/Basic1.java
294	securibench.micro.basic.Basic31	doGet(javax.servlet.http.HttpServletRequest,javax.servlet.http.HttpServletResponse)	2	[false, false]		protected	false	/home/nima/Developer/taint-benchmarks/securibenchh20180525/src/main/java/securibench/micro/basic/Basic31.java
295	securibench.micro.basic.Basic31	getDescription()	5	[]		public	true	/home/nima/Developer/taint-benchmarks/securibenchh20180525/src/main/java/securibench/micro/basic/Basic31.java
296	securibench.micro.basic.Basic31	getVulnerabilityCount()	7	[]		public	false	/home/nima/Developer/taint-benchmarks/securibenchh20180525/src/main/java/securibench/micro/basic/Basic31.java
297	securibench.micro.datastructures.Datastructures4$C	getData()	0	[]		public	true	/home/nima/Developer/taint-benchmarks/securibenchh20180525/src/main/java/securibench/micro/datastructures/Datastructures4.java
298	securibench.micro.datastructures.Datastructures4$C	setData(java.lang.String)	0	[false]		public	false	/home/nima/Developer/taint-benchmarks/securibenchh20180525/src/main/java/securibench/micro/datastructures/Datastructures4.java
299	securibench.micro.datastructures.Datastructures4$C	setNext(securibench.micro.datastructures.Datastructures4.C)	0	[false]		public	false	/home/nima/Developer/taint-benchmarks/securibenchh20180525/src/main/java/securibench/micro/datastructures/Datastructures4.java
300	securibench.micro.datastructures.Datastructures4	doGet(javax.servlet.http.HttpServletRequest,javax.servlet.http.HttpServletResponse)	2	[false, false]		protected	false	/home/nima/Developer/taint-benchmarks/securibenchh20180525/src/main/java/securibench/micro/datastructures/Datastructures4.java
301	securibench.micro.datastructures.Datastructures4	getDescription()	5	[]		public	true	/home/nima/Developer/taint-benchmarks/securibenchh20180525/src/main/java/securibench/micro/datastructures/Datastructures4.java
302	securibench.micro.datastructures.Datastructures4	getVulnerabilityCount()	7	[]		public	false	/home/nima/Developer/taint-benchmarks/securibenchh20180525/src/main/java/securibench/micro/datastructures/Datastructures4.java
303	securibench.micro.collections.Collections8	doGet(javax.servlet.http.HttpServletRequest,javax.servlet.http.HttpServletResponse)	2	[false, false]		protected	false	/home/nima/Developer/taint-benchmarks/securibenchh20180525/src/main/java/securibench/micro/collections/Collections8.java
304	securibench.micro.collections.Collections8	getDescription()	5	[]		public	true	/home/nima/Developer/taint-benchmarks/securibenchh20180525/src/main/java/securibench/micro/collections/Collections8.java
305	securibench.micro.collections.Collections8	getVulnerabilityCount()	7	[]		public	false	/home/nima/Developer/taint-benchmarks/securibenchh20180525/src/main/java/securibench/micro/collections/Collections8.java
306	securibench.micro.basic.Basic34	doGet(javax.servlet.http.HttpServletRequest,javax.servlet.http.HttpServletResponse)	2	[false, false]		protected	false	/home/nima/Developer/taint-benchmarks/securibenchh20180525/src/main/java/securibench/micro/basic/Basic34.java
307	securibench.micro.basic.Basic34	getDescription()	5	[]		public	true	/home/nima/Developer/taint-benchmarks/securibenchh20180525/src/main/java/securibench/micro/basic/Basic34.java
308	securibench.micro.basic.Basic34	getVulnerabilityCount()	7	[]		public	false	/home/nima/Developer/taint-benchmarks/securibenchh20180525/src/main/java/securibench/micro/basic/Basic34.java
309	securibench.micro.basic.Basic29	doGet(javax.servlet.http.HttpServletRequest,javax.servlet.http.HttpServletResponse)	2	[false, false]		protected	false	/home/nima/Developer/taint-benchmarks/securibenchh20180525/src/main/java/securibench/micro/basic/Basic29.java
310	securibench.micro.basic.Basic29	getDescription()	5	[]		public	true	/home/nima/Developer/taint-benchmarks/securibenchh20180525/src/main/java/securibench/micro/basic/Basic29.java
311	securibench.micro.basic.Basic29	getVulnerabilityCount()	7	[]		public	false	/home/nima/Developer/taint-benchmarks/securibenchh20180525/src/main/java/securibench/micro/basic/Basic29.java
312	securibench.micro.factories.Factories1	doGet(javax.servlet.http.HttpServletRequest,javax.servlet.http.HttpServletResponse)	2	[false, false]		protected	false	/home/nima/Developer/taint-benchmarks/securibenchh20180525/src/main/java/securibench/micro/factories/Factories1.java
313	securibench.micro.factories.Factories1	getDescription()	5	[]		public	true	/home/nima/Developer/taint-benchmarks/securibenchh20180525/src/main/java/securibench/micro/factories/Factories1.java
314	securibench.micro.factories.Factories1	getVulnerabilityCount()	7	[]		public	false	/home/nima/Developer/taint-benchmarks/securibenchh20180525/src/main/java/securibench/micro/factories/Factories1.java
315	securibench.micro.strong_updates.StrongUpdates2	doGet(javax.servlet.http.HttpServletRequest,javax.servlet.http.HttpServletResponse)	2	[false, false]		protected	false	/home/nima/Developer/taint-benchmarks/securibenchh20180525/src/main/java/securibench/micro/strong_updates/StrongUpdates2.java
316	securibench.micro.strong_updates.StrongUpdates2	getDescription()	5	[]		public	true	/home/nima/Developer/taint-benchmarks/securibenchh20180525/src/main/java/securibench/micro/strong_updates/StrongUpdates2.java
317	securibench.micro.strong_updates.StrongUpdates2	getVulnerabilityCount()	7	[]		public	false	/home/nima/Developer/taint-benchmarks/securibenchh20180525/src/main/java/securibench/micro/strong_updates/StrongUpdates2.java
318	securibench.micro.collections.Collections5	doGet(javax.servlet.http.HttpServletRequest,javax.servlet.http.HttpServletResponse)	2	[false, false]		protected	false	/home/nima/Developer/taint-benchmarks/securibenchh20180525/src/main/java/securibench/micro/collections/Collections5.java
319	securibench.micro.collections.Collections5	getDescription()	5	[]		public	true	/home/nima/Developer/taint-benchmarks/securibenchh20180525/src/main/java/securibench/micro/collections/Collections5.java
320	securibench.micro.collections.Collections5	getVulnerabilityCount()	7	[]		public	false	/home/nima/Developer/taint-benchmarks/securibenchh20180525/src/main/java/securibench/micro/collections/Collections5.java
321	securibench.micro.session.Session3	doGet(javax.servlet.http.HttpServletRequest,javax.servlet.http.HttpServletResponse)	2	[false, false]		protected	false	/home/nima/Developer/taint-benchmarks/securibenchh20180525/src/main/java/securibench/micro/session/Session3.java
322	securibench.micro.session.Session3	getDescription()	5	[]		public	true	/home/nima/Developer/taint-benchmarks/securibenchh20180525/src/main/java/securibench/micro/session/Session3.java
323	securibench.micro.session.Session3	getVulnerabilityCount()	7	[]		public	false	/home/nima/Developer/taint-benchmarks/securibenchh20180525/src/main/java/securibench/micro/session/Session3.java
324	securibench.micro.collections.Collections14	doGet(javax.servlet.http.HttpServletRequest,javax.servlet.http.HttpServletResponse)	2	[false, false]		protected	false	/home/nima/Developer/taint-benchmarks/securibenchh20180525/src/main/java/securibench/micro/collections/Collections14.java
325	securibench.micro.collections.Collections14	getDescription()	5	[]		public	true	/home/nima/Developer/taint-benchmarks/securibenchh20180525/src/main/java/securibench/micro/collections/Collections14.java
326	securibench.micro.collections.Collections14	getVulnerabilityCount()	7	[]		public	false	/home/nima/Developer/taint-benchmarks/securibenchh20180525/src/main/java/securibench/micro/collections/Collections14.java
327	securibench.micro.sanitizers.Sanitizers4	doGet(javax.servlet.http.HttpServletRequest,javax.servlet.http.HttpServletResponse)	2	[false, false]		protected	false	/home/nima/Developer/taint-benchmarks/securibenchh20180525/src/main/java/securibench/micro/sanitizers/Sanitizers4.java
328	securibench.micro.sanitizers.Sanitizers4	clean(java.lang.String)	0	[false]		private	true	/home/nima/Developer/taint-benchmarks/securibenchh20180525/src/main/java/securibench/micro/sanitizers/Sanitizers4.java
329	securibench.micro.sanitizers.Sanitizers4	getDescription()	5	[]		public	true	/home/nima/Developer/taint-benchmarks/securibenchh20180525/src/main/java/securibench/micro/sanitizers/Sanitizers4.java
330	securibench.micro.sanitizers.Sanitizers4	getVulnerabilityCount()	7	[]		public	false	/home/nima/Developer/taint-benchmarks/securibenchh20180525/src/main/java/securibench/micro/sanitizers/Sanitizers4.java
331	securibench.micro.basic.Basic12	doGet(javax.servlet.http.HttpServletRequest,javax.servlet.http.HttpServletResponse)	2	[false, false]		protected	false	/home/nima/Developer/taint-benchmarks/securibenchh20180525/src/main/java/securibench/micro/basic/Basic12.java
332	securibench.micro.basic.Basic12	getDescription()	5	[]		public	true	/home/nima/Developer/taint-benchmarks/securibenchh20180525/src/main/java/securibench/micro/basic/Basic12.java
333	securibench.micro.basic.Basic12	getVulnerabilityCount()	7	[]		public	false	/home/nima/Developer/taint-benchmarks/securibenchh20180525/src/main/java/securibench/micro/basic/Basic12.java
334	securibench.micro.arrays.Arrays9	doGet(javax.servlet.http.HttpServletRequest,javax.servlet.http.HttpServletResponse)	2	[false, false]		protected	false	/home/nima/Developer/taint-benchmarks/securibenchh20180525/src/main/java/securibench/micro/arrays/Arrays9.java
335	securibench.micro.arrays.Arrays9	getDescription()	5	[]		public	true	/home/nima/Developer/taint-benchmarks/securibenchh20180525/src/main/java/securibench/micro/arrays/Arrays9.java
336	securibench.micro.arrays.Arrays9	getVulnerabilityCount()	7	[]		public	false	/home/nima/Developer/taint-benchmarks/securibenchh20180525/src/main/java/securibench/micro/arrays/Arrays9.java
337	securibench.micro.basic.Basic18	doGet(javax.servlet.http.HttpServletRequest,javax.servlet.http.HttpServletResponse)	2	[false, false]		protected	false	/home/nima/Developer/taint-benchmarks/securibenchh20180525/src/main/java/securibench/micro/basic/Basic18.java
338	securibench.micro.basic.Basic18	getDescription()	5	[]		public	true	/home/nima/Developer/taint-benchmarks/securibenchh20180525/src/main/java/securibench/micro/basic/Basic18.java
339	securibench.micro.basic.Basic18	getVulnerabilityCount()	7	[]		public	false	/home/nima/Developer/taint-benchmarks/securibenchh20180525/src/main/java/securibench/micro/basic/Basic18.java
340	securibench.micro.basic.Basic13	doGet(javax.servlet.http.HttpServletRequest,javax.servlet.http.HttpServletResponse)	2	[false, false]		protected	false	/home/nima/Developer/taint-benchmarks/securibenchh20180525/src/main/java/securibench/micro/basic/Basic13.java
341	securibench.micro.basic.Basic13	getDescription()	5	[]		public	true	/home/nima/Developer/taint-benchmarks/securibenchh20180525/src/main/java/securibench/micro/basic/Basic13.java
342	securibench.micro.basic.Basic13	getVulnerabilityCount()	7	[]		public	false	/home/nima/Developer/taint-benchmarks/securibenchh20180525/src/main/java/securibench/micro/basic/Basic13.java
343	securibench.micro.basic.Basic4	doGet(javax.servlet.http.HttpServletRequest,javax.servlet.http.HttpServletResponse)	2	[false, false]		protected	false	/home/nima/Developer/taint-benchmarks/securibenchh20180525/src/main/java/securibench/micro/basic/Basic4.java
344	securibench.micro.basic.Basic4	getDescription()	5	[]		public	true	/home/nima/Developer/taint-benchmarks/securibenchh20180525/src/main/java/securibench/micro/basic/Basic4.java
345	securibench.micro.basic.Basic4	getVulnerabilityCount()	7	[]		public	false	/home/nima/Developer/taint-benchmarks/securibenchh20180525/src/main/java/securibench/micro/basic/Basic4.java
346	securibench.micro.datastructures.Datastructures1$C	getData()	0	[]		public	true	/home/nima/Developer/taint-benchmarks/securibenchh20180525/src/main/java/securibench/micro/datastructures/Datastructures1.java
347	securibench.micro.datastructures.Datastructures1$C	getTag()	0	[]		public	true	/home/nima/Developer/taint-benchmarks/securibenchh20180525/src/main/java/securibench/micro/datastructures/Datastructures1.java
348	securibench.micro.datastructures.Datastructures1$C	setData(java.lang.String)	0	[false]		public	false	/home/nima/Developer/taint-benchmarks/securibenchh20180525/src/main/java/securibench/micro/datastructures/Datastructures1.java
349	securibench.micro.datastructures.Datastructures1	doGet(javax.servlet.http.HttpServletRequest,javax.servlet.http.HttpServletResponse)	2	[false, false]		protected	false	/home/nima/Developer/taint-benchmarks/securibenchh20180525/src/main/java/securibench/micro/datastructures/Datastructures1.java
350	securibench.micro.datastructures.Datastructures1	getDescription()	5	[]		public	true	/home/nima/Developer/taint-benchmarks/securibenchh20180525/src/main/java/securibench/micro/datastructures/Datastructures1.java
351	securibench.micro.datastructures.Datastructures1	getVulnerabilityCount()	7	[]		public	false	/home/nima/Developer/taint-benchmarks/securibenchh20180525/src/main/java/securibench/micro/datastructures/Datastructures1.java
352	securibench.micro.collections.Collections13	doGet(javax.servlet.http.HttpServletRequest,javax.servlet.http.HttpServletResponse)	2	[false, false]		protected	false	/home/nima/Developer/taint-benchmarks/securibenchh20180525/src/main/java/securibench/micro/collections/Collections13.java
353	securibench.micro.collections.Collections13	getDescription()	5	[]		public	true	/home/nima/Developer/taint-benchmarks/securibenchh20180525/src/main/java/securibench/micro/collections/Collections13.java
354	securibench.micro.collections.Collections13	getVulnerabilityCount()	7	[]		public	false	/home/nima/Developer/taint-benchmarks/securibenchh20180525/src/main/java/securibench/micro/collections/Collections13.java
355	securibench.micro.reflection.Refl1	doGet(javax.servlet.http.HttpServletRequest,javax.servlet.http.HttpServletResponse)	2	[false, false]		protected	false	/home/nima/Developer/taint-benchmarks/securibenchh20180525/src/main/java/securibench/micro/reflection/Refl1.java
356	securibench.micro.reflection.Refl1	id(java.lang.String,java.io.PrintWriter)	0	[false, false]		public	true	/home/nima/Developer/taint-benchmarks/securibenchh20180525/src/main/java/securibench/micro/reflection/Refl1.java
357	securibench.micro.reflection.Refl1	getDescription()	5	[]		public	true	/home/nima/Developer/taint-benchmarks/securibenchh20180525/src/main/java/securibench/micro/reflection/Refl1.java
358	securibench.micro.reflection.Refl1	getVulnerabilityCount()	7	[]		public	false	/home/nima/Developer/taint-benchmarks/securibenchh20180525/src/main/java/securibench/micro/reflection/Refl1.java
359	securibench.micro.strong_updates.StrongUpdates4	doGet(javax.servlet.http.HttpServletRequest,javax.servlet.http.HttpServletResponse)	2	[false, false]		protected	false	/home/nima/Developer/taint-benchmarks/securibenchh20180525/src/main/java/securibench/micro/strong_updates/StrongUpdates4.java
360	securibench.micro.strong_updates.StrongUpdates4	getDescription()	5	[]		public	true	/home/nima/Developer/taint-benchmarks/securibenchh20180525/src/main/java/securibench/micro/strong_updates/StrongUpdates4.java
361	securibench.micro.strong_updates.StrongUpdates4	getVulnerabilityCount()	7	[]		public	false	/home/nima/Developer/taint-benchmarks/securibenchh20180525/src/main/java/securibench/micro/strong_updates/StrongUpdates4.java
362	securibench.micro.session.Session1	doGet(javax.servlet.http.HttpServletRequest,javax.servlet.http.HttpServletResponse)	2	[false, false]		protected	false	/home/nima/Developer/taint-benchmarks/securibenchh20180525/src/main/java/securibench/micro/session/Session1.java
363	securibench.micro.session.Session1	getDescription()	5	[]		public	true	/home/nima/Developer/taint-benchmarks/securibenchh20180525/src/main/java/securibench/micro/session/Session1.java
364	securibench.micro.session.Session1	getVulnerabilityCount()	7	[]		public	false	/home/nima/Developer/taint-benchmarks/securibenchh20180525/src/main/java/securibench/micro/session/Session1.java
365	securibench.micro.inter.Inter12	doGet(javax.servlet.http.HttpServletRequest,javax.servlet.http.HttpServletResponse)	2	[false, false]		protected	false	/home/nima/Developer/taint-benchmarks/securibenchh20180525/src/main/java/securibench/micro/inter/Inter12.java
366	securibench.micro.inter.Inter12	foo(java.lang.Object)	0	[false]		private	false	/home/nima/Developer/taint-benchmarks/securibenchh20180525/src/main/java/securibench/micro/inter/Inter12.java
367	securibench.micro.inter.Inter12	bar(java.lang.Object)	0	[false]		private	false	/home/nima/Developer/taint-benchmarks/securibenchh20180525/src/main/java/securibench/micro/inter/Inter12.java
368	securibench.micro.inter.Inter12	getDescription()	5	[]		public	true	/home/nima/Developer/taint-benchmarks/securibenchh20180525/src/main/java/securibench/micro/inter/Inter12.java
369	securibench.micro.inter.Inter12	getVulnerabilityCount()	7	[]		public	false	/home/nima/Developer/taint-benchmarks/securibenchh20180525/src/main/java/securibench/micro/inter/Inter12.java
370	securibench.micro.datastructures.Datastructures5$C	getData()	0	[]		public	true	/home/nima/Developer/taint-benchmarks/securibenchh20180525/src/main/java/securibench/micro/datastructures/Datastructures5.java
371	securibench.micro.datastructures.Datastructures5$C	setData(java.lang.String)	0	[false]		public	false	/home/nima/Developer/taint-benchmarks/securibenchh20180525/src/main/java/securibench/micro/datastructures/Datastructures5.java
372	securibench.micro.datastructures.Datastructures5$C	setNext(securibench.micro.datastructures.Datastructures5.C)	0	[false]		public	false	/home/nima/Developer/taint-benchmarks/securibenchh20180525/src/main/java/securibench/micro/datastructures/Datastructures5.java
373	securibench.micro.datastructures.Datastructures5	doGet(javax.servlet.http.HttpServletRequest,javax.servlet.http.HttpServletResponse)	2	[false, false]		protected	false	/home/nima/Developer/taint-benchmarks/securibenchh20180525/src/main/java/securibench/micro/datastructures/Datastructures5.java
374	securibench.micro.datastructures.Datastructures5	getDescription()	5	[]		public	true	/home/nima/Developer/taint-benchmarks/securibenchh20180525/src/main/java/securibench/micro/datastructures/Datastructures5.java
375	securibench.micro.datastructures.Datastructures5	getVulnerabilityCount()	7	[]		public	false	/home/nima/Developer/taint-benchmarks/securibenchh20180525/src/main/java/securibench/micro/datastructures/Datastructures5.java
376	securibench.micro.basic.Basic19	doGet(javax.servlet.http.HttpServletRequest,javax.servlet.http.HttpServletResponse)	2	[false, false]		protected	false	/home/nima/Developer/taint-benchmarks/securibenchh20180525/src/main/java/securibench/micro/basic/Basic19.java
377	securibench.micro.basic.Basic19	getDescription()	5	[]		public	true	/home/nima/Developer/taint-benchmarks/securibenchh20180525/src/main/java/securibench/micro/basic/Basic19.java
378	securibench.micro.basic.Basic19	getVulnerabilityCount()	7	[]		public	false	/home/nima/Developer/taint-benchmarks/securibenchh20180525/src/main/java/securibench/micro/basic/Basic19.java
379	securibench.micro.basic.Basic35	doGet(javax.servlet.http.HttpServletRequest,javax.servlet.http.HttpServletResponse)	2	[false, false]		protected	false	/home/nima/Developer/taint-benchmarks/securibenchh20180525/src/main/java/securibench/micro/basic/Basic35.java
380	securibench.micro.basic.Basic35	getDescription()	5	[]		public	true	/home/nima/Developer/taint-benchmarks/securibenchh20180525/src/main/java/securibench/micro/basic/Basic35.java
381	securibench.micro.basic.Basic35	getVulnerabilityCount()	7	[]		public	false	/home/nima/Developer/taint-benchmarks/securibenchh20180525/src/main/java/securibench/micro/basic/Basic35.java
382	securibench.micro.pred.Pred4	doGet(javax.servlet.http.HttpServletRequest,javax.servlet.http.HttpServletResponse)	2	[false, false]		protected	false	/home/nima/Developer/taint-benchmarks/securibenchh20180525/src/main/java/securibench/micro/pred/Pred4.java
383	securibench.micro.pred.Pred4	getDescription()	5	[]		public	true	/home/nima/Developer/taint-benchmarks/securibenchh20180525/src/main/java/securibench/micro/pred/Pred4.java
384	securibench.micro.pred.Pred4	getVulnerabilityCount()	7	[]		public	false	/home/nima/Developer/taint-benchmarks/securibenchh20180525/src/main/java/securibench/micro/pred/Pred4.java
385	securibench.micro.factories.Factories3$StringWrapper	StringWrapper(java.lang.String)	0	[false]		package	false	/home/nima/Developer/taint-benchmarks/securibenchh20180525/src/main/java/securibench/micro/factories/Factories3.java
386	securibench.micro.factories.Factories3$StringWrapper	toString()	261	[]		public	true	/home/nima/Developer/taint-benchmarks/securibenchh20180525/src/main/java/securibench/micro/factories/Factories3.java
387	securibench.micro.factories.Factories3	doGet(javax.servlet.http.HttpServletRequest,javax.servlet.http.HttpServletResponse)	2	[false, false]		protected	false	/home/nima/Developer/taint-benchmarks/securibenchh20180525/src/main/java/securibench/micro/factories/Factories3.java
388	securibench.micro.factories.Factories3	getDescription()	5	[]		public	true	/home/nima/Developer/taint-benchmarks/securibenchh20180525/src/main/java/securibench/micro/factories/Factories3.java
389	securibench.micro.factories.Factories3	getVulnerabilityCount()	7	[]		public	false	/home/nima/Developer/taint-benchmarks/securibenchh20180525/src/main/java/securibench/micro/factories/Factories3.java
390	securibench.micro.basic.Basic25	doGet(javax.servlet.http.HttpServletRequest,javax.servlet.http.HttpServletResponse)	2	[false, false]		protected	false	/home/nima/Developer/taint-benchmarks/securibenchh20180525/src/main/java/securibench/micro/basic/Basic25.java
391	securibench.micro.basic.Basic25	getDescription()	5	[]		public	true	/home/nima/Developer/taint-benchmarks/securibenchh20180525/src/main/java/securibench/micro/basic/Basic25.java
392	securibench.micro.basic.Basic25	getVulnerabilityCount()	7	[]		public	false	/home/nima/Developer/taint-benchmarks/securibenchh20180525/src/main/java/securibench/micro/basic/Basic25.java
393	securibench.micro.basic.Basic22	doGet(javax.servlet.http.HttpServletRequest,javax.servlet.http.HttpServletResponse)	2	[false, false]		protected	false	/home/nima/Developer/taint-benchmarks/securibenchh20180525/src/main/java/securibench/micro/basic/Basic22.java
394	securibench.micro.basic.Basic22	getDescription()	5	[]		public	true	/home/nima/Developer/taint-benchmarks/securibenchh20180525/src/main/java/securibench/micro/basic/Basic22.java
395	securibench.micro.basic.Basic22	getVulnerabilityCount()	7	[]		public	false	/home/nima/Developer/taint-benchmarks/securibenchh20180525/src/main/java/securibench/micro/basic/Basic22.java
396	securibench.micro.basic.Basic28	doGet(javax.servlet.http.HttpServletRequest,javax.servlet.http.HttpServletResponse)	2	[false, false]		protected	false	/home/nima/Developer/taint-benchmarks/securibenchh20180525/src/main/java/securibench/micro/basic/Basic28.java
397	securibench.micro.basic.Basic28	getDescription()	5	[]		public	true	/home/nima/Developer/taint-benchmarks/securibenchh20180525/src/main/java/securibench/micro/basic/Basic28.java
398	securibench.micro.basic.Basic28	getVulnerabilityCount()	7	[]		public	false	/home/nima/Developer/taint-benchmarks/securibenchh20180525/src/main/java/securibench/micro/basic/Basic28.java
399	securibench.micro.pred.Pred7	doGet(javax.servlet.http.HttpServletRequest,javax.servlet.http.HttpServletResponse)	2	[false, false]		protected	false	/home/nima/Developer/taint-benchmarks/securibenchh20180525/src/main/java/securibench/micro/pred/Pred7.java
400	securibench.micro.pred.Pred7	getDescription()	5	[]		public	true	/home/nima/Developer/taint-benchmarks/securibenchh20180525/src/main/java/securibench/micro/pred/Pred7.java
401	securibench.micro.pred.Pred7	getVulnerabilityCount()	7	[]		public	false	/home/nima/Developer/taint-benchmarks/securibenchh20180525/src/main/java/securibench/micro/pred/Pred7.java
402	securibench.micro.collections.Collections4	doGet(javax.servlet.http.HttpServletRequest,javax.servlet.http.HttpServletResponse)	2	[false, false]		protected	false	/home/nima/Developer/taint-benchmarks/securibenchh20180525/src/main/java/securibench/micro/collections/Collections4.java
403	securibench.micro.collections.Collections4	getDescription()	5	[]		public	true	/home/nima/Developer/taint-benchmarks/securibenchh20180525/src/main/java/securibench/micro/collections/Collections4.java
404	securibench.micro.collections.Collections4	getVulnerabilityCount()	7	[]		public	false	/home/nima/Developer/taint-benchmarks/securibenchh20180525/src/main/java/securibench/micro/collections/Collections4.java
405	securibench.micro.collections.Collections7	doGet(javax.servlet.http.HttpServletRequest,javax.servlet.http.HttpServletResponse)	2	[false, false]		protected	false	/home/nima/Developer/taint-benchmarks/securibenchh20180525/src/main/java/securibench/micro/collections/Collections7.java
406	securibench.micro.collections.Collections7	getDescription()	5	[]		public	true	/home/nima/Developer/taint-benchmarks/securibenchh20180525/src/main/java/securibench/micro/collections/Collections7.java
407	securibench.micro.collections.Collections7	getVulnerabilityCount()	7	[]		public	false	/home/nima/Developer/taint-benchmarks/securibenchh20180525/src/main/java/securibench/micro/collections/Collections7.java
408	securibench.micro.collections.Collections1	doGet(javax.servlet.http.HttpServletRequest,javax.servlet.http.HttpServletResponse)	2	[false, false]		protected	false	/home/nima/Developer/taint-benchmarks/securibenchh20180525/src/main/java/securibench/micro/collections/Collections1.java
409	securibench.micro.collections.Collections1	getDescription()	5	[]		public	true	/home/nima/Developer/taint-benchmarks/securibenchh20180525/src/main/java/securibench/micro/collections/Collections1.java
410	securibench.micro.collections.Collections1	getVulnerabilityCount()	7	[]		public	false	/home/nima/Developer/taint-benchmarks/securibenchh20180525/src/main/java/securibench/micro/collections/Collections1.java
411	securibench.micro.aliasing.Aliasing2	doGet(javax.servlet.http.HttpServletRequest,javax.servlet.http.HttpServletResponse)	2	[false, false]		protected	false	/home/nima/Developer/taint-benchmarks/securibenchh20180525/src/main/java/securibench/micro/aliasing/Aliasing2.java
412	securibench.micro.aliasing.Aliasing2	getDescription()	5	[]		public	true	/home/nima/Developer/taint-benchmarks/securibenchh20180525/src/main/java/securibench/micro/aliasing/Aliasing2.java
413	securibench.micro.aliasing.Aliasing2	getVulnerabilityCount()	7	[]		public	false	/home/nima/Developer/taint-benchmarks/securibenchh20180525/src/main/java/securibench/micro/aliasing/Aliasing2.java
414	securibench.micro.collections.Collections10	doGet(javax.servlet.http.HttpServletRequest,javax.servlet.http.HttpServletResponse)	2	[false, false]		protected	false	/home/nima/Developer/taint-benchmarks/securibenchh20180525/src/main/java/securibench/micro/collections/Collections10.java
415	securibench.micro.collections.Collections10	getDescription()	5	[]		public	true	/home/nima/Developer/taint-benchmarks/securibenchh20180525/src/main/java/securibench/micro/collections/Collections10.java
416	securibench.micro.collections.Collections10	getVulnerabilityCount()	7	[]		public	false	/home/nima/Developer/taint-benchmarks/securibenchh20180525/src/main/java/securibench/micro/collections/Collections10.java
417	securibench.micro.inter.Inter3	doGet(javax.servlet.http.HttpServletRequest,javax.servlet.http.HttpServletResponse)	2	[false, false]		protected	false	/home/nima/Developer/taint-benchmarks/securibenchh20180525/src/main/java/securibench/micro/inter/Inter3.java
418	securibench.micro.inter.Inter3	f1(java.lang.String)	0	[false]		private	false	/home/nima/Developer/taint-benchmarks/securibenchh20180525/src/main/java/securibench/micro/inter/Inter3.java
419	securibench.micro.inter.Inter3	f2(java.lang.String)	0	[false]		private	false	/home/nima/Developer/taint-benchmarks/securibenchh20180525/src/main/java/securibench/micro/inter/Inter3.java
420	securibench.micro.inter.Inter3	f3(java.lang.String)	0	[false]		private	false	/home/nima/Developer/taint-benchmarks/securibenchh20180525/src/main/java/securibench/micro/inter/Inter3.java
421	securibench.micro.inter.Inter3	f4(java.lang.String)	0	[false]		private	false	/home/nima/Developer/taint-benchmarks/securibenchh20180525/src/main/java/securibench/micro/inter/Inter3.java
422	securibench.micro.inter.Inter3	f5(java.lang.String)	0	[false]		private	false	/home/nima/Developer/taint-benchmarks/securibenchh20180525/src/main/java/securibench/micro/inter/Inter3.java
423	securibench.micro.inter.Inter3	f6(java.lang.String)	0	[false]		private	false	/home/nima/Developer/taint-benchmarks/securibenchh20180525/src/main/java/securibench/micro/inter/Inter3.java
424	securibench.micro.inter.Inter3	f7(java.lang.String)	0	[false]		private	false	/home/nima/Developer/taint-benchmarks/securibenchh20180525/src/main/java/securibench/micro/inter/Inter3.java
425	securibench.micro.inter.Inter3	f8(java.lang.String)	0	[false]		private	false	/home/nima/Developer/taint-benchmarks/securibenchh20180525/src/main/java/securibench/micro/inter/Inter3.java
426	securibench.micro.inter.Inter3	f9(java.lang.String)	0	[false]		private	false	/home/nima/Developer/taint-benchmarks/securibenchh20180525/src/main/java/securibench/micro/inter/Inter3.java
427	securibench.micro.inter.Inter3	f0(java.lang.String)	0	[false]		public	false	/home/nima/Developer/taint-benchmarks/securibenchh20180525/src/main/java/securibench/micro/inter/Inter3.java
428	securibench.micro.inter.Inter3	id(java.lang.String,java.io.PrintWriter)	0	[false, false]		public	true	/home/nima/Developer/taint-benchmarks/securibenchh20180525/src/main/java/securibench/micro/inter/Inter3.java
429	securibench.micro.inter.Inter3	getDescription()	5	[]		public	true	/home/nima/Developer/taint-benchmarks/securibenchh20180525/src/main/java/securibench/micro/inter/Inter3.java
430	securibench.micro.inter.Inter3	getVulnerabilityCount()	7	[]		public	false	/home/nima/Developer/taint-benchmarks/securibenchh20180525/src/main/java/securibench/micro/inter/Inter3.java
431	securibench.micro.basic.Basic41	doGet(javax.servlet.http.HttpServletRequest,javax.servlet.http.HttpServletResponse)	2	[false, false]		protected	false	/home/nima/Developer/taint-benchmarks/securibenchh20180525/src/main/java/securibench/micro/basic/Basic41.java
432	securibench.micro.basic.Basic41	getDescription()	5	[]		public	true	/home/nima/Developer/taint-benchmarks/securibenchh20180525/src/main/java/securibench/micro/basic/Basic41.java
433	securibench.micro.basic.Basic41	getVulnerabilityCount()	7	[]		public	false	/home/nima/Developer/taint-benchmarks/securibenchh20180525/src/main/java/securibench/micro/basic/Basic41.java
434	securibench.micro.inter.Inter9	doGet(javax.servlet.http.HttpServletRequest,javax.servlet.http.HttpServletResponse)	2	[false, false]		protected	false	/home/nima/Developer/taint-benchmarks/securibenchh20180525/src/main/java/securibench/micro/inter/Inter9.java
435	securibench.micro.inter.Inter9	foo(java.lang.String)	0	[false]		private	true	/home/nima/Developer/taint-benchmarks/securibenchh20180525/src/main/java/securibench/micro/inter/Inter9.java
436	securibench.micro.inter.Inter9	bar(java.lang.String)	0	[false]		private	true	/home/nima/Developer/taint-benchmarks/securibenchh20180525/src/main/java/securibench/micro/inter/Inter9.java
437	securibench.micro.inter.Inter9	getDescription()	5	[]		public	true	/home/nima/Developer/taint-benchmarks/securibenchh20180525/src/main/java/securibench/micro/inter/Inter9.java
438	securibench.micro.inter.Inter9	getVulnerabilityCount()	7	[]		public	false	/home/nima/Developer/taint-benchmarks/securibenchh20180525/src/main/java/securibench/micro/inter/Inter9.java
439	securibench.micro.inter.Inter6	doGet(javax.servlet.http.HttpServletRequest,javax.servlet.http.HttpServletResponse)	2	[false, false]		protected	false	/home/nima/Developer/taint-benchmarks/securibenchh20180525/src/main/java/securibench/micro/inter/Inter6.java
440	securibench.micro.inter.Inter6	getDescription()	5	[]		public	true	/home/nima/Developer/taint-benchmarks/securibenchh20180525/src/main/java/securibench/micro/inter/Inter6.java
441	securibench.micro.inter.Inter6	getVulnerabilityCount()	7	[]		public	false	/home/nima/Developer/taint-benchmarks/securibenchh20180525/src/main/java/securibench/micro/inter/Inter6.java
442	securibench.micro.sanitizers.Sanitizers1	doGet(javax.servlet.http.HttpServletRequest,javax.servlet.http.HttpServletResponse)	2	[false, false]		protected	false	/home/nima/Developer/taint-benchmarks/securibenchh20180525/src/main/java/securibench/micro/sanitizers/Sanitizers1.java
443	securibench.micro.sanitizers.Sanitizers1	clean(java.lang.String)	0	[false]		private	true	/home/nima/Developer/taint-benchmarks/securibenchh20180525/src/main/java/securibench/micro/sanitizers/Sanitizers1.java
444	securibench.micro.sanitizers.Sanitizers1	getDescription()	5	[]		public	true	/home/nima/Developer/taint-benchmarks/securibenchh20180525/src/main/java/securibench/micro/sanitizers/Sanitizers1.java
445	securibench.micro.sanitizers.Sanitizers1	getVulnerabilityCount()	7	[]		public	false	/home/nima/Developer/taint-benchmarks/securibenchh20180525/src/main/java/securibench/micro/sanitizers/Sanitizers1.java
